img_name,date_time
20211020_105101_614.jpg,2021-10-20 10:51:00
20211020_105419_884.jpg,2021-10-20 10:54:18
20211020_104836_514.jpg,2021-10-20 10:48:36
20211020_104606_393.jpg,2021-10-20 10:46:06
20211020_104055_043.jpg,2021-10-20 10:40:54
20211020_104626_423.jpg,2021-10-20 10:46:26
20211020_104528_343.jpg,2021-10-20 10:45:28
20211020_105221_714.jpg,2021-10-20 10:52:20
20211020_104840_514.jpg,2021-10-20 10:48:40
20211020_110056_425.jpg,2021-10-20 11:00:56
20211020_104112_063.jpg,2021-10-20 10:41:12
20211020_110655_246.jpg,2021-10-20 11:06:54
20211020_103952_942.jpg,2021-10-20 10:39:52
20211020_110620_086.jpg,2021-10-20 11:06:20
20211020_105307_764.jpg,2021-10-20 10:53:06
20211020_105140_654.jpg,2021-10-20 10:51:40
20211020_110218_625.jpg,2021-10-20 11:02:18
20211020_110531_977.jpg,2021-10-20 11:05:32
20211020_105145_654.jpg,2021-10-20 10:51:44
20211020_104609_404.jpg,2021-10-20 10:46:08
20211020_110338_695.jpg,2021-10-20 11:03:38
20211020_110550_006.jpg,2021-10-20 11:05:50
20211020_105738_145.jpg,2021-10-20 10:57:38
20211020_105413_854.jpg,2021-10-20 10:54:12
20211020_104640_446.jpg,2021-10-20 10:46:40
20211020_104242_163.jpg,2021-10-20 10:42:42
20211020_105822_205.jpg,2021-10-20 10:58:22
20211020_110326_695.jpg,2021-10-20 11:03:26
20211020_110443_866.jpg,2021-10-20 11:04:42
20211020_104902_514.jpg,2021-10-20 10:49:02
20211020_105437_924.jpg,2021-10-20 10:54:38
20211020_105623_044.jpg,2021-10-20 10:56:22
20211020_104139_083.jpg,2021-10-20 10:41:38
20211020_104458_323.jpg,2021-10-20 10:44:58
20211020_105010_564.jpg,2021-10-20 10:50:10
20211020_105520_974.jpg,2021-10-20 10:55:20
20211020_110012_325.jpg,2021-10-20 11:00:12
20211020_103930_942.jpg,2021-10-20 10:39:30
20211020_110129_485.jpg,2021-10-20 11:01:28
20211020_105848_265.jpg,2021-10-20 10:58:48
20211020_110544_006.jpg,2021-10-20 11:05:44
20211020_104216_113.jpg,2021-10-20 10:42:16
20211020_110505_906.jpg,2021-10-20 11:05:06
20211020_110019_355.jpg,2021-10-20 11:00:18
20211020_104611_414.jpg,2021-10-20 10:46:10
20211020_105347_804.jpg,2021-10-20 10:53:46
20211020_104157_113.jpg,2021-10-20 10:41:56
20211020_105301_754.jpg,2021-10-20 10:53:00
20211020_110102_435.jpg,2021-10-20 11:01:02
20211020_105828_255.jpg,2021-10-20 10:58:28
20211020_104749_474.jpg,2021-10-20 10:47:48
20211020_104521_344.jpg,2021-10-20 10:45:20
20211020_104814_493.jpg,2021-10-20 10:48:14
20211020_104644_463.jpg,2021-10-20 10:46:44
20211020_110236_626.jpg,2021-10-20 11:02:36
20211020_103831_922.jpg,2021-10-20 10:38:32
20211020_105345_794.jpg,2021-10-20 10:53:44
20211020_105938_325.jpg,2021-10-20 10:59:38
20211020_110345_715.jpg,2021-10-20 11:03:44
20211020_110556_026.jpg,2021-10-20 11:05:56
20211020_110106_445.jpg,2021-10-20 11:01:06
20211020_110454_885.jpg,2021-10-20 11:04:54
20211020_110131_495.jpg,2021-10-20 11:01:30
20211020_105512_958.jpg,2021-10-20 10:55:12
20211020_104345_223.jpg,2021-10-20 10:43:44
20211020_105318_794.jpg,2021-10-20 10:53:18
20211020_105356_814.jpg,2021-10-20 10:53:56
20211020_110633_146.jpg,2021-10-20 11:06:32
20211020_104312_163.jpg,2021-10-20 10:43:12
20211020_104712_463.jpg,2021-10-20 10:47:12
20211020_104253_163.jpg,2021-10-20 10:42:52
20211020_110018_355.jpg,2021-10-20 11:00:18
20211020_110125_455.jpg,2021-10-20 11:01:24
20211020_104227_143.jpg,2021-10-20 10:42:26
20211020_110251_635.jpg,2021-10-20 11:02:50
20211020_110252_635.jpg,2021-10-20 11:02:52
20211020_104710_463.jpg,2021-10-20 10:47:10
20211020_104547_374.jpg,2021-10-20 10:45:46
20211020_110409_776.jpg,2021-10-20 11:04:08
20211020_105244_754.jpg,2021-10-20 10:52:44
20211020_104917_524.jpg,2021-10-20 10:49:16
20211020_110229_625.jpg,2021-10-20 11:02:28
20211020_103805_893.jpg,2021-10-20 10:38:06
20211020_104621_423.jpg,2021-10-20 10:46:20
20211020_105425_894.jpg,2021-10-20 10:54:26
20211020_104948_564.jpg,2021-10-20 10:49:48
20211020_105825_235.jpg,2021-10-20 10:58:24
20211020_105528_994.jpg,2021-10-20 10:55:28
20211020_104706_463.jpg,2021-10-20 10:47:06
20211020_110648_206.jpg,2021-10-20 11:06:48
20211020_104704_463.jpg,2021-10-20 10:47:04
20211020_104052_033.jpg,2021-10-20 10:40:52
20211020_105603_034.jpg,2021-10-20 10:56:02
20211020_105958_325.jpg,2021-10-20 10:59:58
20211020_105553_034.jpg,2021-10-20 10:55:52
20211020_105130_634.jpg,2021-10-20 10:51:30
20211020_110035_385.jpg,2021-10-20 11:00:34
20211020_105821_195.jpg,2021-10-20 10:58:20
20211020_105312_774.jpg,2021-10-20 10:53:12
20211020_104642_463.jpg,2021-10-20 10:46:42
20211020_110021_355.jpg,2021-10-20 11:00:20
20211020_104034_013.jpg,2021-10-20 10:40:34
20211020_104043_023.jpg,2021-10-20 10:40:42
20211020_104505_323.jpg,2021-10-20 10:45:04
20211020_104342_223.jpg,2021-10-20 10:43:42
20211020_104858_514.jpg,2021-10-20 10:48:58
20211020_105250_754.jpg,2021-10-20 10:52:50
20211020_105402_814.jpg,2021-10-20 10:54:02
20211020_105548_025.jpg,2021-10-20 10:55:48
20211020_110308_675.jpg,2021-10-20 11:03:08
20211020_104759_475.jpg,2021-10-20 10:47:58
20211020_105450_945.jpg,2021-10-20 10:54:50
20211020_104309_163.jpg,2021-10-20 10:43:08
20211020_104918_524.jpg,2021-10-20 10:49:18
20211020_104131_083.jpg,2021-10-20 10:41:30
20211020_104012_993.jpg,2021-10-20 10:40:12
20211020_105935_325.jpg,2021-10-20 10:59:34
20211020_104503_324.jpg,2021-10-20 10:45:02
20211020_105847_265.jpg,2021-10-20 10:58:46
20211020_103916_943.jpg,2021-10-20 10:39:16
20211020_104410_243.jpg,2021-10-20 10:44:10
20211020_104923_534.jpg,2021-10-20 10:49:22
20211020_104751_475.jpg,2021-10-20 10:47:50
20211020_105859_265.jpg,2021-10-20 10:58:58
20211020_105209_694.jpg,2021-10-20 10:52:08
20211020_110358_755.jpg,2021-10-20 11:03:58
20211020_110405_765.jpg,2021-10-20 11:04:04
20211020_103752_862.jpg,2021-10-20 10:37:52
20211020_104727_474.jpg,2021-10-20 10:47:26
20211020_110141_505.jpg,2021-10-20 11:01:40
20211020_110007_325.jpg,2021-10-20 11:00:06
20211020_110643_186.jpg,2021-10-20 11:06:42
20211020_104004_983.jpg,2021-10-20 10:40:04
20211020_105654_045.jpg,2021-10-20 10:56:54
20211020_105442_925.jpg,2021-10-20 10:54:42
20211020_110112_455.jpg,2021-10-20 11:01:12
20211020_110316_685.jpg,2021-10-20 11:03:16
20211020_104736_474.jpg,2021-10-20 10:47:36
20211020_110348_715.jpg,2021-10-20 11:03:48
20211020_110330_695.jpg,2021-10-20 11:03:30
20211020_104107_063.jpg,2021-10-20 10:41:06
20211020_110307_675.jpg,2021-10-20 11:03:06
20211020_105314_774.jpg,2021-10-20 10:53:14
20211020_105909_265.jpg,2021-10-20 10:59:08
20211020_110023_355.jpg,2021-10-20 11:00:22
20211020_105550_025.jpg,2021-10-20 10:55:50
20211020_110503_906.jpg,2021-10-20 11:05:04
20211020_105456_944.jpg,2021-10-20 10:54:56
20211020_104504_323.jpg,2021-10-20 10:45:04
20211020_104103_053.jpg,2021-10-20 10:41:02
20211020_104949_564.jpg,2021-10-20 10:49:48
20211020_104624_423.jpg,2021-10-20 10:46:24
20211020_105241_754.jpg,2021-10-20 10:52:40
20211020_105829_255.jpg,2021-10-20 10:58:28
20211020_104500_323.jpg,2021-10-20 10:45:00
20211020_104003_982.jpg,2021-10-20 10:40:04
20211020_110705_296.jpg,2021-10-20 11:07:04
20211020_110412_785.jpg,2021-10-20 11:04:12
20211020_104047_033.jpg,2021-10-20 10:40:46
20211020_104620_423.jpg,2021-10-20 10:46:20
20211020_105947_325.jpg,2021-10-20 10:59:46
20211020_110639_156.jpg,2021-10-20 11:06:38
20211020_110627_126.jpg,2021-10-20 11:06:26
20211020_105933_315.jpg,2021-10-20 10:59:32
20211020_110208_565.jpg,2021-10-20 11:02:08
20211020_105921_285.jpg,2021-10-20 10:59:20
20211020_110516_916.jpg,2021-10-20 11:05:16
20211020_105950_325.jpg,2021-10-20 10:59:50
20211020_104707_463.jpg,2021-10-20 10:47:06
20211020_103813_892.jpg,2021-10-20 10:38:12
20211020_110601_046.jpg,2021-10-20 11:06:00
20211020_103917_943.jpg,2021-10-20 10:39:18
20211020_110415_785.jpg,2021-10-20 11:04:14
20211020_105850_265.jpg,2021-10-20 10:58:50
20211020_103852_932.jpg,2021-10-20 10:38:52
20211020_103919_943.jpg,2021-10-20 10:39:20
20211020_110555_016.jpg,2021-10-20 11:05:54
20211020_110420_796.jpg,2021-10-20 11:04:20
20211020_104036_013.jpg,2021-10-20 10:40:36
20211020_104028_993.jpg,2021-10-20 10:40:28
20211020_104936_534.jpg,2021-10-20 10:49:36
20211020_104459_323.jpg,2021-10-20 10:44:58
20211020_110226_625.jpg,2021-10-20 11:02:26
20211020_110337_696.jpg,2021-10-20 11:03:36
20211020_104237_163.jpg,2021-10-20 10:42:36
20211020_110305_675.jpg,2021-10-20 11:03:04
20211020_105148_654.jpg,2021-10-20 10:51:48
20211020_104844_514.jpg,2021-10-20 10:48:44
20211020_103935_942.jpg,2021-10-20 10:39:36
20211020_105126_634.jpg,2021-10-20 10:51:26
20211020_104743_474.jpg,2021-10-20 10:47:42
20211020_105017_574.jpg,2021-10-20 10:50:16
20211020_104341_223.jpg,2021-10-20 10:43:40
20211020_103912_943.jpg,2021-10-20 10:39:12
20211020_110250_635.jpg,2021-10-20 11:02:50
20211020_104909_514.jpg,2021-10-20 10:49:08
20211020_104622_423.jpg,2021-10-20 10:46:22
20211020_110031_385.jpg,2021-10-20 11:00:30
20211020_105423_894.jpg,2021-10-20 10:54:22
20211020_103849_932.jpg,2021-10-20 10:38:50
20211020_104608_393.jpg,2021-10-20 10:46:08
20211020_105247_754.jpg,2021-10-20 10:52:46
20211020_110634_156.jpg,2021-10-20 11:06:34
20211020_105609_034.jpg,2021-10-20 10:56:08
20211020_103757_872.jpg,2021-10-20 10:37:56
20211020_105820_195.jpg,2021-10-20 10:58:20
20211020_104803_475.jpg,2021-10-20 10:48:02
20211020_104019_993.jpg,2021-10-20 10:40:20
20211020_104234_163.jpg,2021-10-20 10:42:34
20211020_104005_982.jpg,2021-10-20 10:40:06
20211020_105000_564.jpg,2021-10-20 10:50:00
20211020_105506_944.jpg,2021-10-20 10:55:06
20211020_105709_075.jpg,2021-10-20 10:57:08
20211020_105340_794.jpg,2021-10-20 10:53:40
20211020_110135_495.jpg,2021-10-20 11:01:34
20211020_110447_865.jpg,2021-10-20 11:04:46
20211020_103858_932.jpg,2021-10-20 10:38:58
20211020_110517_916.jpg,2021-10-20 11:05:18
20211020_105954_325.jpg,2021-10-20 10:59:54
20211020_103826_912.jpg,2021-10-20 10:38:26
20211020_110245_626.jpg,2021-10-20 11:02:44
20211020_110442_865.jpg,2021-10-20 11:04:42
20211020_104841_514.jpg,2021-10-20 10:48:40
20211020_103933_942.jpg,2021-10-20 10:39:34
20211020_104508_323.jpg,2021-10-20 10:45:08
20211020_105206_694.jpg,2021-10-20 10:52:06
20211020_103941_942.jpg,2021-10-20 10:39:42
20211020_105451_945.jpg,2021-10-20 10:54:52
20211020_104525_343.jpg,2021-10-20 10:45:24
20211020_103840_932.jpg,2021-10-20 10:38:40
20211020_104059_053.jpg,2021-10-20 10:40:58
20211020_110534_985.jpg,2021-10-20 11:05:34
20211020_104915_524.jpg,2021-10-20 10:49:14
20211020_104612_413.jpg,2021-10-20 10:46:12
20211020_105618_044.jpg,2021-10-20 10:56:18
20211020_104534_343.jpg,2021-10-20 10:45:34
20211020_104821_514.jpg,2021-10-20 10:48:20
20211020_110224_625.jpg,2021-10-20 11:02:24
20211020_105810_195.jpg,2021-10-20 10:58:10
20211020_105816_195.jpg,2021-10-20 10:58:16
20211020_104714_473.jpg,2021-10-20 10:47:14
20211020_105119_634.jpg,2021-10-20 10:51:18
20211020_105203_694.jpg,2021-10-20 10:52:02
20211020_110706_306.jpg,2021-10-20 11:07:06
20211020_104845_514.jpg,2021-10-20 10:48:44
20211020_110416_785.jpg,2021-10-20 11:04:16
20211020_104239_163.jpg,2021-10-20 10:42:38
20211020_105104_624.jpg,2021-10-20 10:51:04
20211020_104650_464.jpg,2021-10-20 10:46:50
20211020_105741_155.jpg,2021-10-20 10:57:40
20211020_110210_575.jpg,2021-10-20 11:02:10
20211020_105458_945.jpg,2021-10-20 10:54:58
20211020_105108_634.jpg,2021-10-20 10:51:08
20211020_104248_163.jpg,2021-10-20 10:42:48
20211020_105754_165.jpg,2021-10-20 10:57:54
20211020_104820_514.jpg,2021-10-20 10:48:20
20211020_105217_694.jpg,2021-10-20 10:52:16
20211020_105615_044.jpg,2021-10-20 10:56:14
20211020_104739_474.jpg,2021-10-20 10:47:38
20211020_104813_493.jpg,2021-10-20 10:48:12
20211020_105056_614.jpg,2021-10-20 10:50:56
20211020_104406_233.jpg,2021-10-20 10:44:06
20211020_104859_514.jpg,2021-10-20 10:48:58
20211020_110435_866.jpg,2021-10-20 11:04:34
20211020_104512_343.jpg,2021-10-20 10:45:12
20211020_105445_925.jpg,2021-10-20 10:54:46
20211020_105543_014.jpg,2021-10-20 10:55:42
20211020_105749_155.jpg,2021-10-20 10:57:48
20211020_105959_325.jpg,2021-10-20 10:59:58
20211020_110240_626.jpg,2021-10-20 11:02:40
20211020_104400_233.jpg,2021-10-20 10:44:00
20211020_104619_423.jpg,2021-10-20 10:46:18
20211020_105259_754.jpg,2021-10-20 10:52:58
20211020_105031_584.jpg,2021-10-20 10:50:30
20211020_110033_385.jpg,2021-10-20 11:00:32
20211020_105334_794.jpg,2021-10-20 10:53:34
20211020_110017_345.jpg,2021-10-20 11:00:16
20211020_105547_025.jpg,2021-10-20 10:55:46
20211020_110600_046.jpg,2021-10-20 11:06:00
20211020_104907_514.jpg,2021-10-20 10:49:06
20211020_104506_323.jpg,2021-10-20 10:45:06
20211020_105526_984.jpg,2021-10-20 10:55:26
20211020_104440_303.jpg,2021-10-20 10:44:40
20211020_110632_136.jpg,2021-10-20 11:06:32
20211020_110124_455.jpg,2021-10-20 11:01:24
20211020_110036_388.jpg,2021-10-20 11:00:36
20211020_104147_113.jpg,2021-10-20 10:41:46
20211020_110009_325.jpg,2021-10-20 11:00:08
20211020_103926_942.jpg,2021-10-20 10:39:26
20211020_105105_624.jpg,2021-10-20 10:51:04
20211020_110136_495.jpg,2021-10-20 11:01:36
20211020_103814_902.jpg,2021-10-20 10:38:14
20211020_105324_794.jpg,2021-10-20 10:53:24
20211020_110526_946.jpg,2021-10-20 11:05:26
20211020_104229_143.jpg,2021-10-20 10:42:28
20211020_105914_265.jpg,2021-10-20 10:59:14
20211020_104205_113.jpg,2021-10-20 10:42:04
20211020_105812_195.jpg,2021-10-20 10:58:12
20211020_110022_355.jpg,2021-10-20 11:00:22
20211020_105236_754.jpg,2021-10-20 10:52:36
20211020_104113_063.jpg,2021-10-20 10:41:12
20211020_105920_285.jpg,2021-10-20 10:59:20
20211020_105043_604.jpg,2021-10-20 10:50:42
20211020_105745_155.jpg,2021-10-20 10:57:44
20211020_105011_564.jpg,2021-10-20 10:50:10
20211020_104419_243.jpg,2021-10-20 10:44:18
20211020_104636_433.jpg,2021-10-20 10:46:36
20211020_104435_283.jpg,2021-10-20 10:44:34
20211020_105321_794.jpg,2021-10-20 10:53:20
20211020_103955_962.jpg,2021-10-20 10:39:56
20211020_110204_545.jpg,2021-10-20 11:02:04
20211020_105404_834.jpg,2021-10-20 10:54:04
20211020_104557_383.jpg,2021-10-20 10:45:56
20211020_110155_515.jpg,2021-10-20 11:01:54
20211020_104838_514.jpg,2021-10-20 10:48:38
20211020_110302_676.jpg,2021-10-20 11:03:02
20211020_104957_564.jpg,2021-10-20 10:49:56
20211020_105353_814.jpg,2021-10-20 10:53:52
20211020_105107_634.jpg,2021-10-20 10:51:06
20211020_104930_534.jpg,2021-10-20 10:49:30
20211020_103815_902.jpg,2021-10-20 10:38:14
20211020_104906_514.jpg,2021-10-20 10:49:06
20211020_104111_063.jpg,2021-10-20 10:41:10
20211020_110040_395.jpg,2021-10-20 11:00:40
20211020_104740_474.jpg,2021-10-20 10:47:40
20211020_103915_943.jpg,2021-10-20 10:39:16
20211020_104939_545.jpg,2021-10-20 10:49:38
20211020_104700_463.jpg,2021-10-20 10:47:00
20211020_110522_935.jpg,2021-10-20 11:05:22
20211020_105748_155.jpg,2021-10-20 10:57:48
20211020_104428_246.jpg,2021-10-20 10:44:28
20211020_105645_044.jpg,2021-10-20 10:56:44
20211020_105310_774.jpg,2021-10-20 10:53:10
20211020_110319_685.jpg,2021-10-20 11:03:18
20211020_105940_325.jpg,2021-10-20 10:59:40
20211020_104559_393.jpg,2021-10-20 10:45:58
20211020_104211_113.jpg,2021-10-20 10:42:10
20211020_110514_916.jpg,2021-10-20 11:05:14
20211020_105054_614.jpg,2021-10-20 10:50:54
20211020_103902_932.jpg,2021-10-20 10:39:02
20211020_104247_163.jpg,2021-10-20 10:42:46
20211020_104733_474.jpg,2021-10-20 10:47:32
20211020_105653_045.jpg,2021-10-20 10:56:52
20211020_105638_045.jpg,2021-10-20 10:56:38
20211020_104944_564.jpg,2021-10-20 10:49:44
20211020_110149_515.jpg,2021-10-20 11:01:48
20211020_104723_473.jpg,2021-10-20 10:47:22
20211020_110132_495.jpg,2021-10-20 11:01:32
20211020_105614_044.jpg,2021-10-20 10:56:14
20211020_104653_463.jpg,2021-10-20 10:46:52
20211020_105500_944.jpg,2021-10-20 10:55:00
20211020_104536_343.jpg,2021-10-20 10:45:36
20211020_105026_584.jpg,2021-10-20 10:50:26
20211020_105904_265.jpg,2021-10-20 10:59:04
20211020_105509_956.jpg,2021-10-20 10:55:10
20211020_105752_165.jpg,2021-10-20 10:57:52
20211020_104625_423.jpg,2021-10-20 10:46:24
20211020_105524_974.jpg,2021-10-20 10:55:24
20211020_104443_303.jpg,2021-10-20 10:44:42
20211020_103835_932.jpg,2021-10-20 10:38:36
20211020_110439_866.jpg,2021-10-20 11:04:38
20211020_105913_265.jpg,2021-10-20 10:59:12
20211020_105323_794.jpg,2021-10-20 10:53:22
20211020_110552_016.jpg,2021-10-20 11:05:52
20211020_105158_674.jpg,2021-10-20 10:51:58
20211020_105732_135.jpg,2021-10-20 10:57:32
20211020_104927_534.jpg,2021-10-20 10:49:26
20211020_110230_625.jpg,2021-10-20 11:02:30
20211020_104515_343.jpg,2021-10-20 10:45:14
20211020_105901_265.jpg,2021-10-20 10:59:00
20211020_110221_625.jpg,2021-10-20 11:02:20
20211020_110508_906.jpg,2021-10-20 11:05:08
20211020_105727_125.jpg,2021-10-20 10:57:26
20211020_104225_133.jpg,2021-10-20 10:42:24
20211020_104344_223.jpg,2021-10-20 10:43:44
20211020_105155_674.jpg,2021-10-20 10:51:54
20211020_110654_246.jpg,2021-10-20 11:06:54
20211020_105228_744.jpg,2021-10-20 10:52:28
20211020_105700_054.jpg,2021-10-20 10:57:00
20211020_104729_474.jpg,2021-10-20 10:47:28
20211020_104807_493.jpg,2021-10-20 10:48:06
20211020_104418_243.jpg,2021-10-20 10:44:18
20211020_103923_943.jpg,2021-10-20 10:39:24
20211020_104218_113.jpg,2021-10-20 10:42:18
20211020_104257_163.jpg,2021-10-20 10:42:56
20211020_104108_063.jpg,2021-10-20 10:41:08
20211020_105343_794.jpg,2021-10-20 10:53:42
20211020_110130_485.jpg,2021-10-20 11:01:30
20211020_104141_083.jpg,2021-10-20 10:41:40
20211020_105634_045.jpg,2021-10-20 10:56:34
20211020_105337_794.jpg,2021-10-20 10:53:36
20211020_104940_545.jpg,2021-10-20 10:49:40
20211020_104230_153.jpg,2021-10-20 10:42:30
20211020_105433_924.jpg,2021-10-20 10:54:34
20211020_104048_033.jpg,2021-10-20 10:40:48
20211020_105351_814.jpg,2021-10-20 10:53:50
20211020_104304_163.jpg,2021-10-20 10:43:04
20211020_105417_875.jpg,2021-10-20 10:54:16
20211020_105325_794.jpg,2021-10-20 10:53:24
20211020_104054_043.jpg,2021-10-20 10:40:54
20211020_104953_564.jpg,2021-10-20 10:49:52
20211020_105434_925.jpg,2021-10-20 10:54:34
20211020_104129_083.jpg,2021-10-20 10:41:28
20211020_104411_243.jpg,2021-10-20 10:44:10
20211020_105059_614.jpg,2021-10-20 10:50:58
20211020_105242_754.jpg,2021-10-20 10:52:42
20211020_104742_474.jpg,2021-10-20 10:47:42
20211020_105907_265.jpg,2021-10-20 10:59:06
20211020_110658_266.jpg,2021-10-20 11:06:58
20211020_104330_223.jpg,2021-10-20 10:43:30
20211020_105641_045.jpg,2021-10-20 10:56:40
20211020_103945_942.jpg,2021-10-20 10:39:46
20211020_105800_175.jpg,2021-10-20 10:58:00
20211020_105806_185.jpg,2021-10-20 10:58:06
20211020_104812_493.jpg,2021-10-20 10:48:12
20211020_105934_315.jpg,2021-10-20 10:59:34
20211020_104206_113.jpg,2021-10-20 10:42:06
20211020_105657_054.jpg,2021-10-20 10:56:56
20211020_105113_634.jpg,2021-10-20 10:51:12
20211020_105939_325.jpg,2021-10-20 10:59:38
20211020_110452_885.jpg,2021-10-20 11:04:52
20211020_105004_564.jpg,2021-10-20 10:50:04
20211020_105410_834.jpg,2021-10-20 10:54:10
20211020_104049_033.jpg,2021-10-20 10:40:48
20211020_104750_474.jpg,2021-10-20 10:47:50
20211020_104416_243.jpg,2021-10-20 10:44:16
20211020_105306_764.jpg,2021-10-20 10:53:06
20211020_103959_982.jpg,2021-10-20 10:40:00
20211020_110127_465.jpg,2021-10-20 11:01:26
20211020_104501_323.jpg,2021-10-20 10:45:00
20211020_110042_405.jpg,2021-10-20 11:00:42
20211020_104744_474.jpg,2021-10-20 10:47:44
20211020_110513_916.jpg,2021-10-20 11:05:14
20211020_104732_474.jpg,2021-10-20 10:47:32
20211020_105459_944.jpg,2021-10-20 10:55:00
20211020_105002_564.jpg,2021-10-20 10:50:02
20211020_104101_053.jpg,2021-10-20 10:41:00
20211020_105718_115.jpg,2021-10-20 10:57:18
20211020_110352_715.jpg,2021-10-20 11:03:52
20211020_110429_845.jpg,2021-10-20 11:04:28
20211020_110115_455.jpg,2021-10-20 11:01:14
20211020_104850_514.jpg,2021-10-20 10:48:50
20211020_110527_955.jpg,2021-10-20 11:05:28
20211020_104118_073.jpg,2021-10-20 10:41:18
20211020_110014_325.jpg,2021-10-20 11:00:14
20211020_103801_892.jpg,2021-10-20 10:38:00
20211020_105050_614.jpg,2021-10-20 10:50:50
20211020_104722_474.jpg,2021-10-20 10:47:22
20211020_110205_545.jpg,2021-10-20 11:02:04
20211020_110432_855.jpg,2021-10-20 11:04:32
20211020_105035_584.jpg,2021-10-20 10:50:34
20211020_105510_957.jpg,2021-10-20 10:55:10
20211020_105234_754.jpg,2021-10-20 10:52:34
20211020_104810_493.jpg,2021-10-20 10:48:10
20211020_104938_534.jpg,2021-10-20 10:49:38
20211020_105103_614.jpg,2021-10-20 10:51:02
20211020_104447_313.jpg,2021-10-20 10:44:46
20211020_105605_034.jpg,2021-10-20 10:56:04
20211020_104827_514.jpg,2021-10-20 10:48:26
20211020_110530_966.jpg,2021-10-20 11:05:30
20211020_110013_325.jpg,2021-10-20 11:00:12
20211020_105720_115.jpg,2021-10-20 10:57:20
20211020_110519_925.jpg,2021-10-20 11:05:20
20211020_104045_023.jpg,2021-10-20 10:40:44
20211020_110049_425.jpg,2021-10-20 11:00:48
20211020_105045_604.jpg,2021-10-20 10:50:44
20211020_104039_023.jpg,2021-10-20 10:40:38
20211020_105051_614.jpg,2021-10-20 10:50:50
20211020_105743_155.jpg,2021-10-20 10:57:42
20211020_110025_355.jpg,2021-10-20 11:00:24
20211020_110133_495.jpg,2021-10-20 11:01:32
20211020_103925_943.jpg,2021-10-20 10:39:26
20211020_105018_574.jpg,2021-10-20 10:50:18
20211020_105559_034.jpg,2021-10-20 10:55:58
20211020_110651_218.jpg,2021-10-20 11:06:50
20211020_104746_474.jpg,2021-10-20 10:47:46
20211020_110437_866.jpg,2021-10-20 11:04:36
20211020_110055_425.jpg,2021-10-20 11:00:54
20211020_105336_794.jpg,2021-10-20 10:53:36
20211020_104519_343.jpg,2021-10-20 10:45:18
20211020_103758_882.jpg,2021-10-20 10:37:58
20211020_105734_135.jpg,2021-10-20 10:57:34
20211020_103827_912.jpg,2021-10-20 10:38:28
20211020_105055_614.jpg,2021-10-20 10:50:54
20211020_105906_265.jpg,2021-10-20 10:59:06
20211020_105200_674.jpg,2021-10-20 10:52:00
20211020_105046_604.jpg,2021-10-20 10:50:46
20211020_110529_966.jpg,2021-10-20 11:05:30
20211020_105329_794.jpg,2021-10-20 10:53:28
20211020_110111_455.jpg,2021-10-20 11:01:10
20211020_105517_974.jpg,2021-10-20 10:55:18
20211020_110222_625.jpg,2021-10-20 11:02:22
20211020_105207_694.jpg,2021-10-20 10:52:06
20211020_105849_265.jpg,2021-10-20 10:58:48
20211020_105715_115.jpg,2021-10-20 10:57:14
20211020_104808_493.jpg,2021-10-20 10:48:08
20211020_103819_902.jpg,2021-10-20 10:38:18
20211020_105125_634.jpg,2021-10-20 10:51:24
20211020_110631_136.jpg,2021-10-20 11:06:30
20211020_104250_163.jpg,2021-10-20 10:42:50
20211020_105941_325.jpg,2021-10-20 10:59:40
20211020_104053_033.jpg,2021-10-20 10:40:52
20211020_104255_163.jpg,2021-10-20 10:42:54
20211020_104353_233.jpg,2021-10-20 10:43:52
20211020_110428_835.jpg,2021-10-20 11:04:28
20211020_105311_774.jpg,2021-10-20 10:53:10
20211020_110137_495.jpg,2021-10-20 11:01:36
20211020_104737_474.jpg,2021-10-20 10:47:36
20211020_104412_243.jpg,2021-10-20 10:44:12
20211020_110119_455.jpg,2021-10-20 11:01:18
20211020_105257_754.jpg,2021-10-20 10:52:56
20211020_105536_004.jpg,2021-10-20 10:55:36
20211020_105028_584.jpg,2021-10-20 10:50:28
20211020_104905_514.jpg,2021-10-20 10:49:04
20211020_110532_986.jpg,2021-10-20 11:05:32
20211020_105235_754.jpg,2021-10-20 10:52:34
20211020_105106_634.jpg,2021-10-20 10:51:06
20211020_110619_086.jpg,2021-10-20 11:06:18
20211020_105156_674.jpg,2021-10-20 10:51:56
20211020_104816_493.jpg,2021-10-20 10:48:16
20211020_104931_534.jpg,2021-10-20 10:49:30
20211020_103904_932.jpg,2021-10-20 10:39:04
20211020_104401_233.jpg,2021-10-20 10:44:00
20211020_105532_994.jpg,2021-10-20 10:55:32
20211020_110217_615.jpg,2021-10-20 11:02:16
20211020_104632_424.jpg,2021-10-20 10:46:32
20211020_104912_514.jpg,2021-10-20 10:49:12
20211020_104313_173.jpg,2021-10-20 10:43:12
20211020_110156_515.jpg,2021-10-20 11:01:56
20211020_104928_534.jpg,2021-10-20 10:49:28
20211020_104757_475.jpg,2021-10-20 10:47:56
20211020_105910_265.jpg,2021-10-20 10:59:10
20211020_104215_113.jpg,2021-10-20 10:42:14
20211020_104537_343.jpg,2021-10-20 10:45:36
20211020_110200_536.jpg,2021-10-20 11:02:00
20211020_110053_425.jpg,2021-10-20 11:00:52
20211020_110642_176.jpg,2021-10-20 11:06:42
20211020_110238_626.jpg,2021-10-20 11:02:38
20211020_110331_695.jpg,2021-10-20 11:03:30
20211020_104306_164.jpg,2021-10-20 10:43:06
20211020_104719_473.jpg,2021-10-20 10:47:18
20211020_103908_932.jpg,2021-10-20 10:39:08
20211020_104854_514.jpg,2021-10-20 10:48:54
20211020_110034_385.jpg,2021-10-20 11:00:34
20211020_110048_425.jpg,2021-10-20 11:00:48
20211020_110558_036.jpg,2021-10-20 11:05:58
20211020_103909_932.jpg,2021-10-20 10:39:10
20211020_105908_265.jpg,2021-10-20 10:59:08
20211020_104514_343.jpg,2021-10-20 10:45:14
20211020_105256_754.jpg,2021-10-20 10:52:56
20211020_105629_044.jpg,2021-10-20 10:56:28
20211020_105408_834.jpg,2021-10-20 10:54:08
20211020_105516_958.jpg,2021-10-20 10:55:16
20211020_104018_993.jpg,2021-10-20 10:40:18
20211020_103936_942.jpg,2021-10-20 10:39:36
20211020_105922_285.jpg,2021-10-20 10:59:22
20211020_105635_044.jpg,2021-10-20 10:56:34
20211020_110327_696.jpg,2021-10-20 11:03:26
20211020_104226_143.jpg,2021-10-20 10:42:26
20211020_105429_894.jpg,2021-10-20 10:54:30
20211020_105225_724.jpg,2021-10-20 10:52:24
20211020_103924_943.jpg,2021-10-20 10:39:24
20211020_105712_085.jpg,2021-10-20 10:57:12
20211020_104910_514.jpg,2021-10-20 10:49:10
20211020_103836_932.jpg,2021-10-20 10:38:36
20211020_105453_944.jpg,2021-10-20 10:54:54
20211020_105540_014.jpg,2021-10-20 10:55:40
20211020_105725_125.jpg,2021-10-20 10:57:24
20211020_110116_455.jpg,2021-10-20 11:01:16
20211020_104115_063.jpg,2021-10-20 10:41:14
20211020_104517_343.jpg,2021-10-20 10:45:16
20211020_103942_942.jpg,2021-10-20 10:39:42
20211020_104355_233.jpg,2021-10-20 10:43:54
20211020_104403_233.jpg,2021-10-20 10:44:02
20211020_110147_515.jpg,2021-10-20 11:01:46
20211020_110628_126.jpg,2021-10-20 11:06:28
20211020_104853_514.jpg,2021-10-20 10:48:52
20211020_104143_103.jpg,2021-10-20 10:41:42
20211020_105601_034.jpg,2021-10-20 10:56:00
20211020_104900_514.jpg,2021-10-20 10:49:00
20211020_104450_323.jpg,2021-10-20 10:44:50
20211020_105817_196.jpg,2021-10-20 10:58:16
20211020_110702_276.jpg,2021-10-20 11:07:02
20211020_104317_173.jpg,2021-10-20 10:43:16
20211020_104404_233.jpg,2021-10-20 10:44:04
20211020_105128_634.jpg,2021-10-20 10:51:28
20211020_105930_315.jpg,2021-10-20 10:59:30
20211020_104634_433.jpg,2021-10-20 10:46:34
20211020_105420_884.jpg,2021-10-20 10:54:20
20211020_104703_463.jpg,2021-10-20 10:47:02
20211020_110507_905.jpg,2021-10-20 11:05:08
20211020_105639_044.jpg,2021-10-20 10:56:38
20211020_105744_155.jpg,2021-10-20 10:57:44
20211020_110026_369.jpg,2021-10-20 11:00:26
20211020_110300_665.jpg,2021-10-20 11:03:00
20211020_110403_765.jpg,2021-10-20 11:04:02
20211020_104105_063.jpg,2021-10-20 10:41:04
20211020_110510_916.jpg,2021-10-20 11:05:10
20211020_104852_514.jpg,2021-10-20 10:48:52
20211020_104646_463.jpg,2021-10-20 10:46:46
20211020_110545_006.jpg,2021-10-20 11:05:44
20211020_105542_014.jpg,2021-10-20 10:55:42
20211020_104154_113.jpg,2021-10-20 10:41:54
20211020_105735_135.jpg,2021-10-20 10:57:34
20211020_104614_423.jpg,2021-10-20 10:46:14
20211020_104110_063.jpg,2021-10-20 10:41:10
20211020_105842_265.jpg,2021-10-20 10:58:42
20211020_104825_514.jpg,2021-10-20 10:48:24
20211020_110207_558.jpg,2021-10-20 11:02:06
20211020_104639_443.jpg,2021-10-20 10:46:38
20211020_110539_996.jpg,2021-10-20 11:05:40
20211020_105116_634.jpg,2021-10-20 10:51:16
20211020_103825_912.jpg,2021-10-20 10:38:24
20211020_103910_932.jpg,2021-10-20 10:39:10
20211020_110146_515.jpg,2021-10-20 11:01:46
20211020_110333_695.jpg,2021-10-20 11:03:32
20211020_110032_385.jpg,2021-10-20 11:00:32
20211020_105730_135.jpg,2021-10-20 10:57:30
20211020_104456_323.jpg,2021-10-20 10:44:56
20211020_105928_305.jpg,2021-10-20 10:59:28
20211020_105519_974.jpg,2021-10-20 10:55:20
20211020_105405_834.jpg,2021-10-20 10:54:04
20211020_110453_886.jpg,2021-10-20 11:04:52
20211020_105606_035.jpg,2021-10-20 10:56:06
20211020_110257_665.jpg,2021-10-20 11:02:56
20211020_105137_654.jpg,2021-10-20 10:51:36
20211020_103931_942.jpg,2021-10-20 10:39:32
20211020_105222_714.jpg,2021-10-20 10:52:22
20211020_104347_223.jpg,2021-10-20 10:43:46
20211020_104407_233.jpg,2021-10-20 10:44:06
20211020_110203_545.jpg,2021-10-20 11:02:02
20211020_104213_113.jpg,2021-10-20 10:42:12
20211020_104436_293.jpg,2021-10-20 10:44:36
20211020_104331_223.jpg,2021-10-20 10:43:30
20211020_105942_325.jpg,2021-10-20 10:59:42
20211020_104158_113.jpg,2021-10-20 10:41:58
20211020_105333_794.jpg,2021-10-20 10:53:32
20211020_104001_983.jpg,2021-10-20 10:40:02
20211020_110020_355.jpg,2021-10-20 11:00:20
20211020_110413_785.jpg,2021-10-20 11:04:12
20211020_110603_046.jpg,2021-10-20 11:06:02
20211020_105731_135.jpg,2021-10-20 10:57:30
20211020_105358_814.jpg,2021-10-20 10:53:58
20211020_104628_423.jpg,2021-10-20 10:46:28
20211020_103859_932.jpg,2021-10-20 10:39:00
20211020_110537_985.jpg,2021-10-20 11:05:38
20211020_105032_584.jpg,2021-10-20 10:50:32
20211020_104818_503.jpg,2021-10-20 10:48:18
20211020_104641_463.jpg,2021-10-20 10:46:40
20211020_105202_684.jpg,2021-10-20 10:52:02
20211020_110209_575.jpg,2021-10-20 11:02:08
20211020_104027_993.jpg,2021-10-20 10:40:28
20211020_110423_805.jpg,2021-10-20 11:04:22
20211020_110512_916.jpg,2021-10-20 11:05:12
20211020_110043_406.jpg,2021-10-20 11:00:42
20211020_105628_044.jpg,2021-10-20 10:56:28
20211020_105309_764.jpg,2021-10-20 10:53:08
20211020_104919_524.jpg,2021-10-20 10:49:18
20211020_104446_313.jpg,2021-10-20 10:44:46
20211020_105837_265.jpg,2021-10-20 10:58:36
20211020_104523_343.jpg,2021-10-20 10:45:22
20211020_104730_474.jpg,2021-10-20 10:47:30
20211020_104259_163.jpg,2021-10-20 10:42:58
20211020_104402_233.jpg,2021-10-20 10:44:02
20211020_104550_373.jpg,2021-10-20 10:45:50
20211020_110117_455.jpg,2021-10-20 11:01:16
20211020_104920_524.jpg,2021-10-20 10:49:20
20211020_105944_325.jpg,2021-10-20 10:59:44
20211020_110543_006.jpg,2021-10-20 11:05:42
20211020_104544_353.jpg,2021-10-20 10:45:44
20211020_105827_255.jpg,2021-10-20 10:58:26
20211020_104913_514.jpg,2021-10-20 10:49:12
20211020_110109_455.jpg,2021-10-20 11:01:08
20211020_103900_932.jpg,2021-10-20 10:39:00
20211020_110306_675.jpg,2021-10-20 11:03:06
20211020_104244_163.jpg,2021-10-20 10:42:44
20211020_105313_774.jpg,2021-10-20 10:53:12
20211020_104146_113.jpg,2021-10-20 10:41:46
20211020_105023_584.jpg,2021-10-20 10:50:22
20211020_105642_044.jpg,2021-10-20 10:56:42
20211020_104307_164.jpg,2021-10-20 10:43:06
20211020_104815_493.jpg,2021-10-20 10:48:14
20211020_105143_654.jpg,2021-10-20 10:51:42
20211020_105441_924.jpg,2021-10-20 10:54:42
20211020_104322_203.jpg,2021-10-20 10:43:22
20211020_104847_514.jpg,2021-10-20 10:48:46
20211020_104308_163.jpg,2021-10-20 10:43:08
20211020_105147_654.jpg,2021-10-20 10:51:46
20211020_110359_755.jpg,2021-10-20 11:03:58
20211020_105302_754.jpg,2021-10-20 10:53:02
20211020_104735_474.jpg,2021-10-20 10:47:34
20211020_104817_493.jpg,2021-10-20 10:48:16
20211020_105857_265.jpg,2021-10-20 10:58:56
20211020_105726_125.jpg,2021-10-20 10:57:26
20211020_104100_053.jpg,2021-10-20 10:41:00
20211020_105813_195.jpg,2021-10-20 10:58:12
20211020_104116_063.jpg,2021-10-20 10:41:16
20211020_104911_514.jpg,2021-10-20 10:49:10
20211020_104351_233.jpg,2021-10-20 10:43:50
20211020_104311_164.jpg,2021-10-20 10:43:10
20211020_110604_046.jpg,2021-10-20 11:06:04
20211020_104149_113.jpg,2021-10-20 10:41:48
20211020_103811_892.jpg,2021-10-20 10:38:10
20211020_105027_584.jpg,2021-10-20 10:50:26
20211020_105616_044.jpg,2021-10-20 10:56:16
20211020_105440_925.jpg,2021-10-20 10:54:40
20211020_105159_674.jpg,2021-10-20 10:51:58
20211020_105932_315.jpg,2021-10-20 10:59:32
20211020_105013_564.jpg,2021-10-20 10:50:12
20211020_105439_924.jpg,2021-10-20 10:54:40
20211020_104553_383.jpg,2021-10-20 10:45:52
20211020_103808_892.jpg,2021-10-20 10:38:08
20211020_104023_993.jpg,2021-10-20 10:40:24
20211020_104516_343.jpg,2021-10-20 10:45:16
20211020_104120_073.jpg,2021-10-20 10:41:20
20211020_105808_185.jpg,2021-10-20 10:58:08
20211020_105620_044.jpg,2021-10-20 10:56:20
20211020_105245_754.jpg,2021-10-20 10:52:44
20211020_103956_962.jpg,2021-10-20 10:39:56
20211020_105427_894.jpg,2021-10-20 10:54:26
20211020_110310_675.jpg,2021-10-20 11:03:10
20211020_104449_323.jpg,2021-10-20 10:44:48
20211020_104654_463.jpg,2021-10-20 10:46:54
20211020_104132_083.jpg,2021-10-20 10:41:32
20211020_104035_013.jpg,2021-10-20 10:40:34
20211020_103848_932.jpg,2021-10-20 10:38:48
20211020_104659_463.jpg,2021-10-20 10:46:58
20211020_105121_634.jpg,2021-10-20 10:51:20
20211020_105029_584.jpg,2021-10-20 10:50:28
20211020_104420_243.jpg,2021-10-20 10:44:20
20211020_110241_626.jpg,2021-10-20 11:02:40
20211020_105530_994.jpg,2021-10-20 10:55:30
20211020_103824_912.jpg,2021-10-20 10:38:24
20211020_105327_794.jpg,2021-10-20 10:53:26
20211020_110101_435.jpg,2021-10-20 11:01:00
20211020_104038_023.jpg,2021-10-20 10:40:38
20211020_110524_936.jpg,2021-10-20 11:05:24
20211020_105251_754.jpg,2021-10-20 10:52:50
20211020_110045_415.jpg,2021-10-20 11:00:44
20211020_105652_045.jpg,2021-10-20 10:56:52
20211020_104455_323.jpg,2021-10-20 10:44:54
20211020_104857_514.jpg,2021-10-20 10:48:56
20211020_104425_243.jpg,2021-10-20 10:44:24
20211020_104747_475.jpg,2021-10-20 10:47:46
20211020_105446_934.jpg,2021-10-20 10:54:46
20211020_105717_115.jpg,2021-10-20 10:57:16
20211020_105132_634.jpg,2021-10-20 10:51:32
20211020_104423_243.jpg,2021-10-20 10:44:22
20211020_105854_265.jpg,2021-10-20 10:58:54
20211020_105956_325.jpg,2021-10-20 10:59:56
20211020_105154_664.jpg,2021-10-20 10:51:54
20211020_103834_933.jpg,2021-10-20 10:38:34
20211020_110006_326.jpg,2021-10-20 11:00:06
20211020_105400_814.jpg,2021-10-20 10:54:00
20211020_104715_473.jpg,2021-10-20 10:47:14
20211020_104848_514.jpg,2021-10-20 10:48:48
20211020_104006_993.jpg,2021-10-20 10:40:06
20211020_110623_106.jpg,2021-10-20 11:06:22
20211020_103947_942.jpg,2021-10-20 10:39:48
20211020_104822_514.jpg,2021-10-20 10:48:22
20211020_104126_083.jpg,2021-10-20 10:41:26
20211020_110354_726.jpg,2021-10-20 11:03:54
20211020_105924_305.jpg,2021-10-20 10:59:24
20211020_110703_276.jpg,2021-10-20 11:07:02
20211020_104745_474.jpg,2021-10-20 10:47:44
20211020_104438_293.jpg,2021-10-20 10:44:38
20211020_110434_866.jpg,2021-10-20 11:04:34
20211020_110323_685.jpg,2021-10-20 11:03:22
20211020_105513_957.jpg,2021-10-20 10:55:14
20211020_104334_223.jpg,2021-10-20 10:43:34
20211020_110538_986.jpg,2021-10-20 11:05:38
20211020_105238_754.jpg,2021-10-20 10:52:38
20211020_105001_564.jpg,2021-10-20 10:50:00
20211020_104148_113.jpg,2021-10-20 10:41:48
20211020_105254_754.jpg,2021-10-20 10:52:54
20211020_103832_932.jpg,2021-10-20 10:38:32
20211020_105936_325.jpg,2021-10-20 10:59:36
20211020_104610_403.jpg,2021-10-20 10:46:10
20211020_105007_564.jpg,2021-10-20 10:50:06
20211020_110309_675.jpg,2021-10-20 11:03:08
20211020_110100_436.jpg,2021-10-20 11:01:00
20211020_104518_343.jpg,2021-10-20 10:45:18
20211020_110128_468.jpg,2021-10-20 11:01:28
20211020_105631_044.jpg,2021-10-20 10:56:30
20211020_105452_944.jpg,2021-10-20 10:54:52
20211020_110126_465.jpg,2021-10-20 11:01:26
20211020_105632_045.jpg,2021-10-20 10:56:32
20211020_110120_455.jpg,2021-10-20 11:01:20
20211020_110427_825.jpg,2021-10-20 11:04:26
20211020_110404_766.jpg,2021-10-20 11:04:04
20211020_105716_115.jpg,2021-10-20 10:57:16
20211020_104618_423.jpg,2021-10-20 10:46:18
20211020_105831_265.jpg,2021-10-20 10:58:30
20211020_110325_686.jpg,2021-10-20 11:03:24
20211020_105926_305.jpg,2021-10-20 10:59:26
20211020_104321_203.jpg,2021-10-20 10:43:20
20211020_104958_564.jpg,2021-10-20 10:49:58
20211020_105648_045.jpg,2021-10-20 10:56:48
20211020_110422_796.jpg,2021-10-20 11:04:22
20211020_103855_932.jpg,2021-10-20 10:38:56
20211020_110113_455.jpg,2021-10-20 11:01:12
20211020_104445_303.jpg,2021-10-20 10:44:44
20211020_104241_163.jpg,2021-10-20 10:42:40
20211020_110617_076.jpg,2021-10-20 11:06:16
20211020_105918_285.jpg,2021-10-20 10:59:18
20211020_104201_113.jpg,2021-10-20 10:42:00
20211020_110357_746.jpg,2021-10-20 11:03:56
20211020_105258_754.jpg,2021-10-20 10:52:58
20211020_105344_794.jpg,2021-10-20 10:53:44
20211020_110625_126.jpg,2021-10-20 11:06:24
20211020_105951_325.jpg,2021-10-20 10:59:50
20211020_110351_715.jpg,2021-10-20 11:03:50
20211020_110656_256.jpg,2021-10-20 11:06:56
20211020_110312_685.jpg,2021-10-20 11:03:12
20211020_105740_155.jpg,2021-10-20 10:57:40
20211020_105048_614.jpg,2021-10-20 10:50:48
20211020_104343_223.jpg,2021-10-20 10:43:42
20211020_103929_942.jpg,2021-10-20 10:39:30
20211020_104916_524.jpg,2021-10-20 10:49:16
20211020_104756_475.jpg,2021-10-20 10:47:56
20211020_104144_103.jpg,2021-10-20 10:41:44
20211020_110525_936.jpg,2021-10-20 11:05:26
20211020_105136_654.jpg,2021-10-20 10:51:36
20211020_105507_945.jpg,2021-10-20 10:55:08
20211020_105401_814.jpg,2021-10-20 10:54:00
20211020_110158_536.jpg,2021-10-20 11:01:58
20211020_105025_584.jpg,2021-10-20 10:50:24
20211020_103847_932.jpg,2021-10-20 10:38:48
20211020_105036_585.jpg,2021-10-20 10:50:36
20211020_104804_476.jpg,2021-10-20 10:48:04
20211020_105621_044.jpg,2021-10-20 10:56:20
20211020_104802_475.jpg,2021-10-20 10:48:02
20211020_104339_223.jpg,2021-10-20 10:43:38
20211020_104942_564.jpg,2021-10-20 10:49:42
20211020_105957_325.jpg,2021-10-20 10:59:56
20211020_104356_233.jpg,2021-10-20 10:43:56
20211020_110150_516.jpg,2021-10-20 11:01:50
20211020_104136_083.jpg,2021-10-20 10:41:36
20211020_110140_505.jpg,2021-10-20 11:01:40
20211020_105803_185.jpg,2021-10-20 10:58:02
20211020_105527_995.jpg,2021-10-20 10:55:28
20211020_104605_393.jpg,2021-10-20 10:46:04
20211020_105019_584.jpg,2021-10-20 10:50:18
20211020_104316_173.jpg,2021-10-20 10:43:16
20211020_104357_233.jpg,2021-10-20 10:43:56
20211020_104249_163.jpg,2021-10-20 10:42:48
20211020_104752_474.jpg,2021-10-20 10:47:52
20211020_104203_113.jpg,2021-10-20 10:42:02
20211020_105758_165.jpg,2021-10-20 10:57:58
20211020_110258_665.jpg,2021-10-20 11:02:58
20211020_104417_243.jpg,2021-10-20 10:44:16
20211020_104826_514.jpg,2021-10-20 10:48:26
20211020_104432_273.jpg,2021-10-20 10:44:32
20211020_105053_614.jpg,2021-10-20 10:50:52
20211020_110154_515.jpg,2021-10-20 11:01:54
20211020_104842_514.jpg,2021-10-20 10:48:42
20211020_105305_754.jpg,2021-10-20 10:53:04
20211020_105625_044.jpg,2021-10-20 10:56:24
20211020_104122_073.jpg,2021-10-20 10:41:22
20211020_104429_263.jpg,2021-10-20 10:44:28
20211020_105037_584.jpg,2021-10-20 10:50:36
20211020_105102_614.jpg,2021-10-20 10:51:02
20211020_105127_634.jpg,2021-10-20 10:51:26
20211020_104320_193.jpg,2021-10-20 10:43:20
20211020_110151_515.jpg,2021-10-20 11:01:50
20211020_105858_265.jpg,2021-10-20 10:58:58
20211020_105755_165.jpg,2021-10-20 10:57:54
20211020_105805_185.jpg,2021-10-20 10:58:04
20211020_110441_866.jpg,2021-10-20 11:04:40
20211020_110059_435.jpg,2021-10-20 11:00:58
20211020_104228_143.jpg,2021-10-20 10:42:28
20211020_105807_185.jpg,2021-10-20 10:58:06
20211020_105226_734.jpg,2021-10-20 10:52:26
20211020_105114_634.jpg,2021-10-20 10:51:14
20211020_110235_626.jpg,2021-10-20 11:02:34
20211020_110450_886.jpg,2021-10-20 11:04:50
20211020_104856_514.jpg,2021-10-20 10:48:56
20211020_104741_474.jpg,2021-10-20 10:47:40
20211020_110058_425.jpg,2021-10-20 11:00:58
20211020_105912_265.jpg,2021-10-20 10:59:12
20211020_105538_015.jpg,2021-10-20 10:55:38
20211020_105826_238.jpg,2021-10-20 10:58:26
20211020_103844_932.jpg,2021-10-20 10:38:44
20211020_110317_685.jpg,2021-10-20 11:03:16
20211020_104405_233.jpg,2021-10-20 10:44:04
20211020_104336_223.jpg,2021-10-20 10:43:36
20211020_110202_536.jpg,2021-10-20 11:02:02
20211020_105131_634.jpg,2021-10-20 10:51:30
20211020_104433_283.jpg,2021-10-20 10:44:32
20211020_105612_044.jpg,2021-10-20 10:56:12
20211020_110211_585.jpg,2021-10-20 11:02:10
20211020_104655_463.jpg,2021-10-20 10:46:54
20211020_110414_785.jpg,2021-10-20 11:04:14
20211020_105905_265.jpg,2021-10-20 10:59:04
20211020_104615_423.jpg,2021-10-20 10:46:14
20211020_105602_034.jpg,2021-10-20 10:56:02
20211020_104511_326.jpg,2021-10-20 10:45:10
20211020_104335_223.jpg,2021-10-20 10:43:34
20211020_110554_016.jpg,2021-10-20 11:05:54
20211020_105845_265.jpg,2021-10-20 10:58:44
20211020_105020_584.jpg,2021-10-20 10:50:20
20211020_105706_065.jpg,2021-10-20 10:57:06
20211020_104738_474.jpg,2021-10-20 10:47:38
20211020_105150_654.jpg,2021-10-20 10:51:50
20211020_103927_942.jpg,2021-10-20 10:39:28
20211020_104243_163.jpg,2021-10-20 10:42:42
20211020_104127_083.jpg,2021-10-20 10:41:26
20211020_105052_614.jpg,2021-10-20 10:50:52
20211020_105109_635.jpg,2021-10-20 10:51:08
20211020_104823_514.jpg,2021-10-20 10:48:22
20211020_104602_393.jpg,2021-10-20 10:46:02
20211020_103937_942.jpg,2021-10-20 10:39:38
20211020_105937_325.jpg,2021-10-20 10:59:36
20211020_105255_754.jpg,2021-10-20 10:52:54
20211020_104453_323.jpg,2021-10-20 10:44:52
20211020_105033_584.jpg,2021-10-20 10:50:32
20211020_104734_474.jpg,2021-10-20 10:47:34
20211020_105549_025.jpg,2021-10-20 10:55:48
20211020_105224_714.jpg,2021-10-20 10:52:24
20211020_110212_595.jpg,2021-10-20 11:02:12
20211020_104128_083.jpg,2021-10-20 10:41:28
20211020_104753_475.jpg,2021-10-20 10:47:52
20211020_104022_993.jpg,2021-10-20 10:40:22
20211020_110346_715.jpg,2021-10-20 11:03:46
20211020_104114_063.jpg,2021-10-20 10:41:14
20211020_103944_942.jpg,2021-10-20 10:39:44
20211020_104145_103.jpg,2021-10-20 10:41:44
20211020_105240_754.jpg,2021-10-20 10:52:40
20211020_110107_456.jpg,2021-10-20 11:01:06
20211020_104130_083.jpg,2021-10-20 10:41:30
20211020_104630_423.jpg,2021-10-20 10:46:30
20211020_105003_564.jpg,2021-10-20 10:50:02
20211020_104716_474.jpg,2021-10-20 10:47:16
20211020_110344_706.jpg,2021-10-20 11:03:44
20211020_103843_932.jpg,2021-10-20 10:38:44
20211020_105819_195.jpg,2021-10-20 10:58:18
20211020_104328_223.jpg,2021-10-20 10:43:28
20211020_104002_982.jpg,2021-10-20 10:40:02
20211020_105216_694.jpg,2021-10-20 10:52:16
20211020_104058_043.jpg,2021-10-20 10:40:58
20211020_110050_425.jpg,2021-10-20 11:00:50
20211020_105804_185.jpg,2021-10-20 10:58:04
20211020_104648_463.jpg,2021-10-20 10:46:48
20211020_105501_944.jpg,2021-10-20 10:55:02
20211020_110511_916.jpg,2021-10-20 11:05:12
20211020_104627_423.jpg,2021-10-20 10:46:26
20211020_110134_495.jpg,2021-10-20 11:01:34
20211020_105210_694.jpg,2021-10-20 10:52:10
20211020_105626_044.jpg,2021-10-20 10:56:26
20211020_105346_794.jpg,2021-10-20 10:53:46
20211020_105424_894.jpg,2021-10-20 10:54:24
20211020_104202_113.jpg,2021-10-20 10:42:02
20211020_105902_265.jpg,2021-10-20 10:59:02
20211020_104426_243.jpg,2021-10-20 10:44:26
20211020_110030_385.jpg,2021-10-20 11:00:30
20211020_110406_766.jpg,2021-10-20 11:04:06
20211020_110318_685.jpg,2021-10-20 11:03:18
20211020_110255_655.jpg,2021-10-20 11:02:54
20211020_104950_564.jpg,2021-10-20 10:49:50
20211020_104954_564.jpg,2021-10-20 10:49:54
20211020_105120_634.jpg,2021-10-20 10:51:20
20211020_105636_045.jpg,2021-10-20 10:56:36
20211020_104439_303.jpg,2021-10-20 10:44:38
20211020_105659_055.jpg,2021-10-20 10:56:58
20211020_110701_276.jpg,2021-10-20 11:07:00
20211020_110320_685.jpg,2021-10-20 11:03:20
20211020_110608_056.jpg,2021-10-20 11:06:08
20211020_105223_714.jpg,2021-10-20 10:52:22
20211020_105724_125.jpg,2021-10-20 10:57:24
20211020_103817_902.jpg,2021-10-20 10:38:16
20211020_103818_902.jpg,2021-10-20 10:38:18
20211020_103949_943.jpg,2021-10-20 10:39:50
20211020_105348_815.jpg,2021-10-20 10:53:48
20211020_110004_325.jpg,2021-10-20 11:00:04
20211020_105943_325.jpg,2021-10-20 10:59:42
20211020_110157_529.jpg,2021-10-20 11:01:56
20211020_110459_906.jpg,2021-10-20 11:05:00
20211020_104546_373.jpg,2021-10-20 10:45:46
20211020_110143_505.jpg,2021-10-20 11:01:42
20211020_105317_785.jpg,2021-10-20 10:53:16
20211020_104901_514.jpg,2021-10-20 10:49:00
20211020_105619_044.jpg,2021-10-20 10:56:18
20211020_105855_265.jpg,2021-10-20 10:58:54
20211020_104758_475.jpg,2021-10-20 10:47:58
20211020_110233_626.jpg,2021-10-20 11:02:32
20211020_103907_933.jpg,2021-10-20 10:39:08
20211020_104643_463.jpg,2021-10-20 10:46:42
20211020_110547_006.jpg,2021-10-20 11:05:46
20211020_105801_185.jpg,2021-10-20 10:58:00
20211020_104540_343.jpg,2021-10-20 10:45:40
20211020_104135_083.jpg,2021-10-20 10:41:34
20211020_105701_054.jpg,2021-10-20 10:57:00
20211020_104629_423.jpg,2021-10-20 10:46:28
20211020_103934_942.jpg,2021-10-20 10:39:34
20211020_103812_892.jpg,2021-10-20 10:38:12
20211020_110011_325.jpg,2021-10-20 11:00:10
20211020_105142_654.jpg,2021-10-20 10:51:42
20211020_110246_626.jpg,2021-10-20 11:02:46
20211020_104142_085.jpg,2021-10-20 10:41:42
20211020_105753_165.jpg,2021-10-20 10:57:52
20211020_110551_016.jpg,2021-10-20 11:05:50
20211020_110016_328.jpg,2021-10-20 11:00:16
20211020_110421_796.jpg,2021-10-20 11:04:20
20211020_105418_875.jpg,2021-10-20 10:54:18
20211020_104947_564.jpg,2021-10-20 10:49:46
20211020_110343_695.jpg,2021-10-20 11:03:42
20211020_105409_834.jpg,2021-10-20 10:54:08
20211020_104457_323.jpg,2021-10-20 10:44:56
20211020_104657_463.jpg,2021-10-20 10:46:56
20211020_105713_095.jpg,2021-10-20 10:57:12
20211020_110015_325.jpg,2021-10-20 11:00:14
20211020_104526_343.jpg,2021-10-20 10:45:26
20211020_104631_423.jpg,2021-10-20 10:46:30
20211020_104238_163.jpg,2021-10-20 10:42:38
20211020_105531_994.jpg,2021-10-20 10:55:32
20211020_110602_046.jpg,2021-10-20 11:06:02
20211020_104301_163.jpg,2021-10-20 10:43:00
20211020_104358_233.jpg,2021-10-20 10:43:58
20211020_103838_932.jpg,2021-10-20 10:38:38
20211020_104705_463.jpg,2021-10-20 10:47:04
20211020_104604_393.jpg,2021-10-20 10:46:04
20211020_105040_594.jpg,2021-10-20 10:50:40
20211020_105610_034.jpg,2021-10-20 10:56:10
20211020_104010_993.jpg,2021-10-20 10:40:10
20211020_104509_323.jpg,2021-10-20 10:45:08
20211020_105058_614.jpg,2021-10-20 10:50:58
20211020_110618_076.jpg,2021-10-20 11:06:18
20211020_105118_634.jpg,2021-10-20 10:51:18
20211020_104151_113.jpg,2021-10-20 10:41:50
20211020_105552_034.jpg,2021-10-20 10:55:52
20211020_105844_265.jpg,2021-10-20 10:58:44
20211020_110301_665.jpg,2021-10-20 11:03:00
20211020_104926_534.jpg,2021-10-20 10:49:26
20211020_105630_045.jpg,2021-10-20 10:56:30
20211020_105447_944.jpg,2021-10-20 10:54:48
20211020_103954_953.jpg,2021-10-20 10:39:54
20211020_105135_644.jpg,2021-10-20 10:51:34
20211020_105129_634.jpg,2021-10-20 10:51:28
20211020_110610_056.jpg,2021-10-20 11:06:10
20211020_110237_626.jpg,2021-10-20 11:02:36
20211020_104324_213.jpg,2021-10-20 10:43:24
20211020_103905_933.jpg,2021-10-20 10:39:06
20211020_105253_754.jpg,2021-10-20 10:52:52
20211020_104030_993.jpg,2021-10-20 10:40:30
20211020_104452_323.jpg,2021-10-20 10:44:52
20211020_105502_944.jpg,2021-10-20 10:55:02
20211020_103816_902.jpg,2021-10-20 10:38:16
20211020_104649_463.jpg,2021-10-20 10:46:48
20211020_105915_265.jpg,2021-10-20 10:59:14
20211020_110247_626.jpg,2021-10-20 11:02:46
20211020_104527_343.jpg,2021-10-20 10:45:26
20211020_105722_125.jpg,2021-10-20 10:57:22
20211020_104552_374.jpg,2021-10-20 10:45:52
20211020_105416_875.jpg,2021-10-20 10:54:16
20211020_110418_785.jpg,2021-10-20 11:04:18
20211020_104529_343.jpg,2021-10-20 10:45:28
20211020_105149_654.jpg,2021-10-20 10:51:48
20211020_110622_096.jpg,2021-10-20 11:06:22
20211020_104354_233.jpg,2021-10-20 10:43:54
20211020_104558_393.jpg,2021-10-20 10:45:58
20211020_105736_145.jpg,2021-10-20 10:57:36
20211020_105515_957.jpg,2021-10-20 10:55:16
20211020_105243_754.jpg,2021-10-20 10:52:42
20211020_110616_066.jpg,2021-10-20 11:06:16
20211020_103950_943.jpg,2021-10-20 10:39:50
20211020_105411_834.jpg,2021-10-20 10:54:10
20211020_104533_343.jpg,2021-10-20 10:45:32
20211020_105737_145.jpg,2021-10-20 10:57:36
20211020_110311_685.jpg,2021-10-20 11:03:10
20211020_110225_625.jpg,2021-10-20 11:02:24
20211020_110214_615.jpg,2021-10-20 11:02:14
20211020_105215_694.jpg,2021-10-20 10:52:14
20211020_105359_815.jpg,2021-10-20 10:53:58
20211020_105534_004.jpg,2021-10-20 10:55:34
20211020_104302_163.jpg,2021-10-20 10:43:02
20211020_105644_044.jpg,2021-10-20 10:56:44
20211020_103851_932.jpg,2021-10-20 10:38:52
20211020_104041_023.jpg,2021-10-20 10:40:40
20211020_104217_113.jpg,2021-10-20 10:42:16
20211020_104522_343.jpg,2021-10-20 10:45:22
20211020_105230_754.jpg,2021-10-20 10:52:30
20211020_104839_514.jpg,2021-10-20 10:48:38
20211020_110001_325.jpg,2021-10-20 11:00:00
20211020_105339_794.jpg,2021-10-20 10:53:38
20211020_110114_455.jpg,2021-10-20 11:01:14
20211020_110314_685.jpg,2021-10-20 11:03:14
20211020_105851_265.jpg,2021-10-20 10:58:50
20211020_105911_265.jpg,2021-10-20 10:59:10
20211020_105617_044.jpg,2021-10-20 10:56:16
20211020_105357_814.jpg,2021-10-20 10:53:56
20211020_104658_463.jpg,2021-10-20 10:46:58
20211020_110005_325.jpg,2021-10-20 11:00:04
20211020_105818_195.jpg,2021-10-20 10:58:18
20211020_105426_894.jpg,2021-10-20 10:54:26
20211020_104601_393.jpg,2021-10-20 10:46:00
20211020_105742_155.jpg,2021-10-20 10:57:42
20211020_110506_906.jpg,2021-10-20 11:05:06
20211020_110436_865.jpg,2021-10-20 11:04:36
20211020_104212_113.jpg,2021-10-20 10:42:12
20211020_110540_996.jpg,2021-10-20 11:05:40
20211020_105124_634.jpg,2021-10-20 10:51:24
20211020_110448_875.jpg,2021-10-20 11:04:48
20211020_103906_932.jpg,2021-10-20 10:39:06
20211020_104050_033.jpg,2021-10-20 10:40:50
20211020_105407_834.jpg,2021-10-20 10:54:06
20211020_104235_163.jpg,2021-10-20 10:42:34
20211020_104007_993.jpg,2021-10-20 10:40:08
20211020_103806_892.jpg,2021-10-20 10:38:06
20211020_110659_266.jpg,2021-10-20 11:06:58
20211020_110142_505.jpg,2021-10-20 11:01:42
20211020_110446_866.jpg,2021-10-20 11:04:46
20211020_110657_258.jpg,2021-10-20 11:06:56
20211020_104925_534.jpg,2021-10-20 10:49:24
20211020_104616_423.jpg,2021-10-20 10:46:16
20211020_105308_764.jpg,2021-10-20 10:53:08
20211020_105231_754.jpg,2021-10-20 10:52:30
20211020_104000_982.jpg,2021-10-20 10:40:00
20211020_110647_206.jpg,2021-10-20 11:06:46
20211020_104914_514.jpg,2021-10-20 10:49:14
20211020_110636_156.jpg,2021-10-20 11:06:36
20211020_104929_534.jpg,2021-10-20 10:49:28
20211020_110644_196.jpg,2021-10-20 11:06:44
20211020_104702_463.jpg,2021-10-20 10:47:02
20211020_110003_325.jpg,2021-10-20 11:00:02
20211020_105044_604.jpg,2021-10-20 10:50:44
20211020_105643_045.jpg,2021-10-20 10:56:42
20211020_104718_473.jpg,2021-10-20 10:47:18
20211020_103830_912.jpg,2021-10-20 10:38:30
20211020_105012_564.jpg,2021-10-20 10:50:12
20211020_103756_872.jpg,2021-10-20 10:37:56
20211020_104545_363.jpg,2021-10-20 10:45:44
20211020_105751_155.jpg,2021-10-20 10:57:50
20211020_104513_343.jpg,2021-10-20 10:45:12
20211020_104051_033.jpg,2021-10-20 10:40:50
20211020_104434_283.jpg,2021-10-20 10:44:34
20211020_105832_265.jpg,2021-10-20 10:58:32
20211020_104240_163.jpg,2021-10-20 10:42:40
20211020_105246_754.jpg,2021-10-20 10:52:46
20211020_110227_625.jpg,2021-10-20 11:02:26
20211020_105201_684.jpg,2021-10-20 10:52:00
20211020_110201_536.jpg,2021-10-20 11:02:00
20211020_104800_475.jpg,2021-10-20 10:48:00
20211020_105728_135.jpg,2021-10-20 10:57:28
20211020_105719_115.jpg,2021-10-20 10:57:18
20211020_110322_685.jpg,2021-10-20 11:03:22
20211020_105555_035.jpg,2021-10-20 10:55:54
20211020_110533_986.jpg,2021-10-20 11:05:34
20211020_110638_156.jpg,2021-10-20 11:06:38
20211020_105504_944.jpg,2021-10-20 10:55:04
20211020_104548_373.jpg,2021-10-20 10:45:48
20211020_110253_645.jpg,2021-10-20 11:02:52
20211020_105518_974.jpg,2021-10-20 10:55:18
20211020_110433_855.jpg,2021-10-20 11:04:32
20211020_104720_474.jpg,2021-10-20 10:47:20
20211020_105332_794.jpg,2021-10-20 10:53:32
20211020_104159_113.jpg,2021-10-20 10:41:58
20211020_105917_285.jpg,2021-10-20 10:59:16
20211020_104728_474.jpg,2021-10-20 10:47:28
20211020_105141_654.jpg,2021-10-20 10:51:40
20211020_110239_626.jpg,2021-10-20 11:02:38
20211020_103755_862.jpg,2021-10-20 10:37:54
20211020_104310_164.jpg,2021-10-20 10:43:10
20211020_104921_534.jpg,2021-10-20 10:49:20
20211020_104106_063.jpg,2021-10-20 10:41:06
20211020_105637_044.jpg,2021-10-20 10:56:36
20211020_104959_564.jpg,2021-10-20 10:49:58
20211020_104031_996.jpg,2021-10-20 10:40:32
20211020_110615_066.jpg,2021-10-20 11:06:14
20211020_110431_855.jpg,2021-10-20 11:04:30
20211020_105205_694.jpg,2021-10-20 10:52:04
20211020_110138_495.jpg,2021-10-20 11:01:38
20211020_104908_514.jpg,2021-10-20 10:49:08
20211020_105809_195.jpg,2021-10-20 10:58:08
20211020_110213_598.jpg,2021-10-20 11:02:12
20211020_110248_626.jpg,2021-10-20 11:02:48
20211020_110219_626.jpg,2021-10-20 11:02:18
20211020_105342_794.jpg,2021-10-20 10:53:42
20211020_104835_514.jpg,2021-10-20 10:48:34
20211020_110044_405.jpg,2021-10-20 11:00:44
20211020_104652_463.jpg,2021-10-20 10:46:52
20211020_104647_463.jpg,2021-10-20 10:46:46
20211020_105647_044.jpg,2021-10-20 10:56:46
20211020_105005_564.jpg,2021-10-20 10:50:04
20211020_105929_315.jpg,2021-10-20 10:59:28
20211020_105522_974.jpg,2021-10-20 10:55:22
20211020_105604_034.jpg,2021-10-20 10:56:04
20211020_110624_116.jpg,2021-10-20 11:06:24
20211020_104046_033.jpg,2021-10-20 10:40:46
20211020_110038_395.jpg,2021-10-20 11:00:38
20211020_105600_034.jpg,2021-10-20 10:56:00
20211020_104532_344.jpg,2021-10-20 10:45:32
20211020_103821_912.jpg,2021-10-20 10:38:20
20211020_105335_794.jpg,2021-10-20 10:53:34
20211020_104849_514.jpg,2021-10-20 10:48:48
20211020_105846_265.jpg,2021-10-20 10:58:46
20211020_110010_325.jpg,2021-10-20 11:00:10
20211020_105214_694.jpg,2021-10-20 10:52:14
20211020_110123_456.jpg,2021-10-20 11:01:22
20211020_104125_083.jpg,2021-10-20 10:41:24
20211020_110152_515.jpg,2021-10-20 11:01:52
20211020_105925_305.jpg,2021-10-20 10:59:24
20211020_105039_594.jpg,2021-10-20 10:50:38
20211020_105535_005.jpg,2021-10-20 10:55:34
20211020_110515_916.jpg,2021-10-20 11:05:16
20211020_110243_626.jpg,2021-10-20 11:02:42
20211020_104539_343.jpg,2021-10-20 10:45:38
20211020_105146_654.jpg,2021-10-20 10:51:46
20211020_104524_343.jpg,2021-10-20 10:45:24
20211020_105057_614.jpg,2021-10-20 10:50:56
20211020_105702_054.jpg,2021-10-20 10:57:02
20211020_103823_912.jpg,2021-10-20 10:38:24
20211020_110341_696.jpg,2021-10-20 11:03:40
20211020_110052_425.jpg,2021-10-20 11:00:52
20211020_110002_325.jpg,2021-10-20 11:00:02
20211020_110315_685.jpg,2021-10-20 11:03:14
20211020_105541_014.jpg,2021-10-20 10:55:40
20211020_104332_223.jpg,2021-10-20 10:43:32
20211020_110451_885.jpg,2021-10-20 11:04:50
20211020_105656_045.jpg,2021-10-20 10:56:56
20211020_104437_293.jpg,2021-10-20 10:44:36
20211020_105557_034.jpg,2021-10-20 10:55:56
20211020_105802_185.jpg,2021-10-20 10:58:02
20211020_104851_514.jpg,2021-10-20 10:48:50
20211020_105903_265.jpg,2021-10-20 10:59:02
20211020_104021_993.jpg,2021-10-20 10:40:22
20211020_104441_303.jpg,2021-10-20 10:44:40
20211020_105232_754.jpg,2021-10-20 10:52:32
20211020_104221_113.jpg,2021-10-20 10:42:20
20211020_110607_056.jpg,2021-10-20 11:06:06
20211020_105546_025.jpg,2021-10-20 10:55:46
20211020_103846_932.jpg,2021-10-20 10:38:46
20211020_105015_564.jpg,2021-10-20 10:50:14
20211020_104520_343.jpg,2021-10-20 10:45:20
20211020_104613_423.jpg,2021-10-20 10:46:12
20211020_104922_534.jpg,2021-10-20 10:49:22
20211020_110455_895.jpg,2021-10-20 11:04:56
20211020_105049_614.jpg,2021-10-20 10:50:48
20211020_104020_993.jpg,2021-10-20 10:40:20
20211020_103828_913.jpg,2021-10-20 10:38:28
20211020_105454_944.jpg,2021-10-20 10:54:54
20211020_104656_463.jpg,2021-10-20 10:46:56
20211020_105952_325.jpg,2021-10-20 10:59:52
20211020_105414_864.jpg,2021-10-20 10:54:14
20211020_104530_343.jpg,2021-10-20 10:45:30
20211020_110122_455.jpg,2021-10-20 11:01:22
20211020_110546_006.jpg,2021-10-20 11:05:46
20211020_104254_163.jpg,2021-10-20 10:42:54
20211020_104013_993.jpg,2021-10-20 10:40:14
20211020_105220_714.jpg,2021-10-20 10:52:20
20211020_104258_163.jpg,2021-10-20 10:42:58
20211020_104300_163.jpg,2021-10-20 10:43:00
20211020_110356_738.jpg,2021-10-20 11:03:56
20211020_104017_993.jpg,2021-10-20 10:40:18
20211020_110159_536.jpg,2021-10-20 11:01:58
20211020_105746_155.jpg,2021-10-20 10:57:46
20211020_104352_233.jpg,2021-10-20 10:43:52
20211020_105708_075.jpg,2021-10-20 10:57:08
20211020_110629_126.jpg,2021-10-20 11:06:28
20211020_110039_395.jpg,2021-10-20 11:00:38
20211020_110051_425.jpg,2021-10-20 11:00:50
20211020_105024_584.jpg,2021-10-20 10:50:24
20211020_105824_225.jpg,2021-10-20 10:58:24
20211020_105227_744.jpg,2021-10-20 10:52:26
20211020_105157_674.jpg,2021-10-20 10:51:56
20211020_104252_163.jpg,2021-10-20 10:42:52
20211020_105723_125.jpg,2021-10-20 10:57:22
20211020_104951_564.jpg,2021-10-20 10:49:50
20211020_105545_014.jpg,2021-10-20 10:55:44
20211020_104830_514.jpg,2021-10-20 10:48:30
20211020_105814_195.jpg,2021-10-20 10:58:14
20211020_110339_695.jpg,2021-10-20 11:03:38
20211020_110410_785.jpg,2021-10-20 11:04:10
20211020_105714_098.jpg,2021-10-20 10:57:14
20211020_110445_865.jpg,2021-10-20 11:04:44
20211020_105523_974.jpg,2021-10-20 10:55:24
20211020_105919_285.jpg,2021-10-20 10:59:18
20211020_104831_514.jpg,2021-10-20 10:48:30
20211020_110350_715.jpg,2021-10-20 11:03:50
20211020_104040_023.jpg,2021-10-20 10:40:40
20211020_103809_892.jpg,2021-10-20 10:38:10
20211020_104152_113.jpg,2021-10-20 10:41:52
20211020_104155_113.jpg,2021-10-20 10:41:54
20211020_105646_044.jpg,2021-10-20 10:56:46
20211020_110553_016.jpg,2021-10-20 11:05:52
20211020_104208_113.jpg,2021-10-20 10:42:08
20211020_110402_765.jpg,2021-10-20 11:04:02
20211020_104427_243.jpg,2021-10-20 10:44:26
20211020_105117_634.jpg,2021-10-20 10:51:16
20211020_110215_616.jpg,2021-10-20 11:02:14
20211020_110609_056.jpg,2021-10-20 11:06:08
20211020_104413_243.jpg,2021-10-20 10:44:12
20211020_110228_625.jpg,2021-10-20 11:02:28
20211020_105239_754.jpg,2021-10-20 10:52:38
20211020_105041_594.jpg,2021-10-20 10:50:40
20211020_104717_474.jpg,2021-10-20 10:47:16
20211020_104932_534.jpg,2021-10-20 10:49:32
20211020_103853_932.jpg,2021-10-20 10:38:54
20211020_105916_268.jpg,2021-10-20 10:59:16
20211020_104956_564.jpg,2021-10-20 10:49:56
20211020_104315_173.jpg,2021-10-20 10:43:14
20211020_110108_456.jpg,2021-10-20 11:01:08
20211020_104709_463.jpg,2021-10-20 10:47:08
20211020_105300_754.jpg,2021-10-20 10:53:00
20211020_104246_163.jpg,2021-10-20 10:42:46
20211020_105144_654.jpg,2021-10-20 10:51:44
20211020_104024_993.jpg,2021-10-20 10:40:24
20211020_110254_645.jpg,2021-10-20 11:02:54
20211020_105218_697.jpg,2021-10-20 10:52:18
20211020_103903_932.jpg,2021-10-20 10:39:04
20211020_110121_455.jpg,2021-10-20 11:01:20
20211020_104726_474.jpg,2021-10-20 10:47:26
20211020_110621_086.jpg,2021-10-20 11:06:20
20211020_103948_942.jpg,2021-10-20 10:39:48
20211020_104056_043.jpg,2021-10-20 10:40:56
20211020_105457_944.jpg,2021-10-20 10:54:58
20211020_110425_825.jpg,2021-10-20 11:04:24
20211020_105823_215.jpg,2021-10-20 10:58:22
20211020_105428_894.jpg,2021-10-20 10:54:28
20211020_105721_115.jpg,2021-10-20 10:57:20
20211020_104617_423.jpg,2021-10-20 10:46:16
20211020_104531_343.jpg,2021-10-20 10:45:30
20211020_103833_932.jpg,2021-10-20 10:38:34
20211020_110444_865.jpg,2021-10-20 11:04:44
20211020_103911_932.jpg,2021-10-20 10:39:12
20211020_105042_604.jpg,2021-10-20 10:50:42
20211020_104708_463.jpg,2021-10-20 10:47:08
20211020_105650_044.jpg,2021-10-20 10:56:50
20211020_105539_015.jpg,2021-10-20 10:55:38
20211020_110232_626.jpg,2021-10-20 11:02:32
20211020_110000_325.jpg,2021-10-20 11:00:00
20211020_103958_982.jpg,2021-10-20 10:39:58
20211020_110148_515.jpg,2021-10-20 11:01:48
20211020_104014_993.jpg,2021-10-20 10:40:14
20211020_104037_013.jpg,2021-10-20 10:40:36
20211020_104121_073.jpg,2021-10-20 10:41:20
20211020_104138_083.jpg,2021-10-20 10:41:38
20211020_105100_614.jpg,2021-10-20 10:51:00
20211020_105455_944.jpg,2021-10-20 10:54:56
20211020_103839_932.jpg,2021-10-20 10:38:40
20211020_110536_986.jpg,2021-10-20 11:05:36
20211020_105016_574.jpg,2021-10-20 10:50:16
20211020_105006_564.jpg,2021-10-20 10:50:06
20211020_110430_855.jpg,2021-10-20 11:04:30
20211020_110400_755.jpg,2021-10-20 11:04:00
20211020_104833_514.jpg,2021-10-20 10:48:32
20211020_104102_053.jpg,2021-10-20 10:41:02
20211020_110340_696.jpg,2021-10-20 11:03:40
20211020_103856_933.jpg,2021-10-20 10:38:56
20211020_104600_393.jpg,2021-10-20 10:46:00
20211020_105237_754.jpg,2021-10-20 10:52:36
20211020_105556_034.jpg,2021-10-20 10:55:56
20211020_105613_044.jpg,2021-10-20 10:56:12
20211020_110329_696.jpg,2021-10-20 11:03:28
20211020_104124_083.jpg,2021-10-20 10:41:24
20211020_110353_725.jpg,2021-10-20 11:03:52
20211020_105747_155.jpg,2021-10-20 10:57:46
20211020_110332_695.jpg,2021-10-20 11:03:32
20211020_104554_383.jpg,2021-10-20 10:45:54
20211020_104846_514.jpg,2021-10-20 10:48:46
20211020_105838_265.jpg,2021-10-20 10:58:38
20211020_105249_754.jpg,2021-10-20 10:52:48
20211020_110407_765.jpg,2021-10-20 11:04:06
20211020_110057_425.jpg,2021-10-20 11:00:56
20211020_105710_085.jpg,2021-10-20 10:57:10
20211020_110105_445.jpg,2021-10-20 11:01:04
20211020_104305_163.jpg,2021-10-20 10:43:04
20211020_105320_794.jpg,2021-10-20 10:53:20
20211020_104837_514.jpg,2021-10-20 10:48:36
20211020_105153_664.jpg,2021-10-20 10:51:52
20211020_110704_286.jpg,2021-10-20 11:07:04
20211020_110355_725.jpg,2021-10-20 11:03:54
20211020_110637_156.jpg,2021-10-20 11:06:36
20211020_104153_113.jpg,2021-10-20 10:41:52
20211020_104251_163.jpg,2021-10-20 10:42:50
20211020_105448_944.jpg,2021-10-20 10:54:48
20211020_105811_196.jpg,2021-10-20 10:58:10
20211020_105953_325.jpg,2021-10-20 10:59:52
20211020_105248_754.jpg,2021-10-20 10:52:48
20211020_104502_324.jpg,2021-10-20 10:45:02
20211020_104635_433.jpg,2021-10-20 10:46:34
20211020_110502_906.jpg,2021-10-20 11:05:02
20211020_103854_932.jpg,2021-10-20 10:38:54
20211020_104016_993.jpg,2021-10-20 10:40:16
20211020_110641_176.jpg,2021-10-20 11:06:40
20211020_104721_474.jpg,2021-10-20 10:47:20
20211020_110303_675.jpg,2021-10-20 11:03:02
20211020_104824_514.jpg,2021-10-20 10:48:24
20211020_105505_944.jpg,2021-10-20 10:55:06
20211020_104946_564.jpg,2021-10-20 10:49:46
20211020_104233_163.jpg,2021-10-20 10:42:32
20211020_105341_794.jpg,2021-10-20 10:53:40
20211020_104119_073.jpg,2021-10-20 10:41:18
20211020_105633_044.jpg,2021-10-20 10:56:32
20211020_110145_515.jpg,2021-10-20 11:01:44
20211020_110028_385.jpg,2021-10-20 11:00:28
20211020_110457_895.jpg,2021-10-20 11:04:56
20211020_110223_625.jpg,2021-10-20 11:02:22
20211020_105115_634.jpg,2021-10-20 10:51:14
20211020_103850_932.jpg,2021-10-20 10:38:50
20211020_103807_892.jpg,2021-10-20 10:38:06
20211020_105843_265.jpg,2021-10-20 10:58:42
20211020_110220_625.jpg,2021-10-20 11:02:20
20211020_110139_495.jpg,2021-10-20 11:01:38
20211020_105133_634.jpg,2021-10-20 10:51:32
20211020_104231_163.jpg,2021-10-20 10:42:30
20211020_105840_265.jpg,2021-10-20 10:58:40
20211020_105021_584.jpg,2021-10-20 10:50:20
20211020_110426_826.jpg,2021-10-20 11:04:26
20211020_105009_564.jpg,2021-10-20 10:50:08
20211020_105431_914.jpg,2021-10-20 10:54:30
20211020_105649_045.jpg,2021-10-20 10:56:48
20211020_105304_754.jpg,2021-10-20 10:53:04
20211020_110249_626.jpg,2021-10-20 11:02:48
20211020_104934_534.jpg,2021-10-20 10:49:34
20211020_110549_006.jpg,2021-10-20 11:05:48
20211020_104809_493.jpg,2021-10-20 10:48:08
20211020_104755_475.jpg,2021-10-20 10:47:54
20211020_105835_265.jpg,2021-10-20 10:58:34
20211020_105038_584.jpg,2021-10-20 10:50:38
20211020_110611_056.jpg,2021-10-20 11:06:10
20211020_104350_233.jpg,2021-10-20 10:43:50
20211020_110626_126.jpg,2021-10-20 11:06:26
20211020_105508_944.jpg,2021-10-20 10:55:08
20211020_104945_564.jpg,2021-10-20 10:49:44
20211020_103802_892.jpg,2021-10-20 10:38:02
20211020_105449_944.jpg,2021-10-20 10:54:50
20211020_104329_223.jpg,2021-10-20 10:43:28
20211020_110242_626.jpg,2021-10-20 11:02:42
20211020_110008_325.jpg,2021-10-20 11:00:08
20211020_105830_265.jpg,2021-10-20 10:58:30
20211020_110501_906.jpg,2021-10-20 11:05:02
20211020_110029_385.jpg,2021-10-20 11:00:28
20211020_103803_892.jpg,2021-10-20 10:38:02
20211020_104843_514.jpg,2021-10-20 10:48:42
20211020_104236_163.jpg,2021-10-20 10:42:36
20211020_103841_932.jpg,2021-10-20 10:38:42
20211020_105955_325.jpg,2021-10-20 10:59:54
20211020_105319_794.jpg,2021-10-20 10:53:18
20211020_104448_323.jpg,2021-10-20 10:44:48
20211020_105322_794.jpg,2021-10-20 10:53:22
20211020_105123_634.jpg,2021-10-20 10:51:22
20211020_104424_243.jpg,2021-10-20 10:44:24
20211020_104256_163.jpg,2021-10-20 10:42:56
20211020_105354_814.jpg,2021-10-20 10:53:54
20211020_105900_265.jpg,2021-10-20 10:59:00
20211020_105759_165.jpg,2021-10-20 10:57:58
20211020_105008_564.jpg,2021-10-20 10:50:08
20211020_110440_866.jpg,2021-10-20 11:04:40
20211020_105138_654.jpg,2021-10-20 10:51:38
20211020_105622_044.jpg,2021-10-20 10:56:22
20211020_105316_774.jpg,2021-10-20 10:53:16
20211020_104214_113.jpg,2021-10-20 10:42:14
20211020_104025_993.jpg,2021-10-20 10:40:26
20211020_110559_046.jpg,2021-10-20 11:05:58
20211020_110401_765.jpg,2021-10-20 11:04:00
20211020_104713_463.jpg,2021-10-20 10:47:12
20211020_103940_942.jpg,2021-10-20 10:39:40
20211020_104109_063.jpg,2021-10-20 10:41:08
20211020_110347_715.jpg,2021-10-20 11:03:46
20211020_105841_265.jpg,2021-10-20 10:58:40
20211020_104541_343.jpg,2021-10-20 10:45:40
20211020_105627_045.jpg,2021-10-20 10:56:26
20211020_104223_113.jpg,2021-10-20 10:42:22
20211020_104633_433.jpg,2021-10-20 10:46:32
20211020_104933_534.jpg,2021-10-20 10:49:32
20211020_104543_353.jpg,2021-10-20 10:45:42
20211020_104549_373.jpg,2021-10-20 10:45:48
20211020_110206_555.jpg,2021-10-20 11:02:06
20211020_104811_493.jpg,2021-10-20 10:48:10
20211020_103901_932.jpg,2021-10-20 10:39:02
20211020_103913_943.jpg,2021-10-20 10:39:14
20211020_110244_626.jpg,2021-10-20 11:02:44
20211020_105739_145.jpg,2021-10-20 10:57:38
20211020_105111_634.jpg,2021-10-20 10:51:10
20211020_105047_614.jpg,2021-10-20 10:50:46
20211020_104409_243.jpg,2021-10-20 10:44:08
20211020_104042_023.jpg,2021-10-20 10:40:42
20211020_104454_323.jpg,2021-10-20 10:44:54
20211020_105212_694.jpg,2021-10-20 10:52:12
20211020_105444_924.jpg,2021-10-20 10:54:44
20211020_104222_113.jpg,2021-10-20 10:42:22
20211020_104104_053.jpg,2021-10-20 10:41:04
20211020_103810_892.jpg,2021-10-20 10:38:10
20211020_104924_534.jpg,2021-10-20 10:49:24
20211020_104542_353.jpg,2021-10-20 10:45:42
20211020_103953_953.jpg,2021-10-20 10:39:54
20211020_110700_276.jpg,2021-10-20 11:07:00
20211020_104303_163.jpg,2021-10-20 10:43:02
20211020_104555_383.jpg,2021-10-20 10:45:54
20211020_105219_714.jpg,2021-10-20 10:52:18
20211020_104507_323.jpg,2021-10-20 10:45:06
20211020_105403_824.jpg,2021-10-20 10:54:02
20211020_105703_054.jpg,2021-10-20 10:57:02
20211020_110650_206.jpg,2021-10-20 11:06:50
20211020_105551_034.jpg,2021-10-20 10:55:50
20211020_104952_564.jpg,2021-10-20 10:49:52
20211020_104832_514.jpg,2021-10-20 10:48:32
20211020_104325_213.jpg,2021-10-20 10:43:24
20211020_104133_083.jpg,2021-10-20 10:41:32
20211020_110349_715.jpg,2021-10-20 11:03:48
20211020_104140_083.jpg,2021-10-20 10:41:40
20211020_105350_814.jpg,2021-10-20 10:53:50
20211020_105233_754.jpg,2021-10-20 10:52:32
20211020_104319_193.jpg,2021-10-20 10:43:18
20211020_104607_393.jpg,2021-10-20 10:46:06
20211020_105836_265.jpg,2021-10-20 10:58:36
20211020_110500_906.jpg,2021-10-20 11:05:00
20211020_105432_924.jpg,2021-10-20 10:54:32
20211020_104333_223.jpg,2021-10-20 10:43:32
20211020_110635_156.jpg,2021-10-20 11:06:34
20211020_104904_514.jpg,2021-10-20 10:49:04
20211020_110313_685.jpg,2021-10-20 11:03:12
20211020_110153_515.jpg,2021-10-20 11:01:52
20211020_104210_113.jpg,2021-10-20 10:42:10
20211020_103800_892.jpg,2021-10-20 10:38:00
20211020_103829_912.jpg,2021-10-20 10:38:28
20211020_104346_223.jpg,2021-10-20 10:43:46
20211020_110548_006.jpg,2021-10-20 11:05:48
20211020_105544_015.jpg,2021-10-20 10:55:44
20211020_110234_625.jpg,2021-10-20 11:02:34
20211020_104408_233.jpg,2021-10-20 10:44:08
20211020_103822_912.jpg,2021-10-20 10:38:22
20211020_105707_075.jpg,2021-10-20 10:57:06
20211020_105611_044.jpg,2021-10-20 10:56:10
20211020_105733_135.jpg,2021-10-20 10:57:32
20211020_104224_123.jpg,2021-10-20 10:42:24
20211020_104935_534.jpg,2021-10-20 10:49:34
20211020_110605_046.jpg,2021-10-20 11:06:04
20211020_105852_265.jpg,2021-10-20 10:58:52
20211020_105853_265.jpg,2021-10-20 10:58:52
20211020_110408_776.jpg,2021-10-20 11:04:08
20211020_104219_113.jpg,2021-10-20 10:42:18
20211020_105421_884.jpg,2021-10-20 10:54:20
20211020_103920_943.jpg,2021-10-20 10:39:20
20211020_110518_916.jpg,2021-10-20 11:05:18
20211020_104638_443.jpg,2021-10-20 10:46:38
20211020_110458_906.jpg,2021-10-20 11:04:58
20211020_104754_475.jpg,2021-10-20 10:47:54
20211020_110541_996.jpg,2021-10-20 11:05:42
20211020_105338_794.jpg,2021-10-20 10:53:38
20211020_105503_944.jpg,2021-10-20 10:55:04
20211020_105134_644.jpg,2021-10-20 10:51:34
20211020_104009_993.jpg,2021-10-20 10:40:10
20211020_105252_754.jpg,2021-10-20 10:52:52
20211020_105711_085.jpg,2021-10-20 10:57:10
20211020_110334_695.jpg,2021-10-20 11:03:34
20211020_104551_373.jpg,2021-10-20 10:45:50
20211020_104011_993.jpg,2021-10-20 10:40:12
20211020_110256_655.jpg,2021-10-20 11:02:56
20211020_110645_196.jpg,2021-10-20 11:06:44
20211020_110449_885.jpg,2021-10-20 11:04:48
20211020_103753_862.jpg,2021-10-20 10:37:52
20211020_104232_163.jpg,2021-10-20 10:42:32
20211020_104431_273.jpg,2021-10-20 10:44:30
20211020_104026_993.jpg,2021-10-20 10:40:26
20211020_110612_056.jpg,2021-10-20 11:06:12
20211020_105152_664.jpg,2021-10-20 10:51:52
20211020_105558_034.jpg,2021-10-20 10:55:58
20211020_105030_584.jpg,2021-10-20 10:50:30
20211020_104421_243.jpg,2021-10-20 10:44:20
20211020_105406_834.jpg,2021-10-20 10:54:06
20211020_103820_912.jpg,2021-10-20 10:38:20
20211020_105756_165.jpg,2021-10-20 10:57:56
20211020_104207_113.jpg,2021-10-20 10:42:06
20211020_110438_865.jpg,2021-10-20 11:04:38
20211020_110231_626.jpg,2021-10-20 11:02:30
20211020_105815_195.jpg,2021-10-20 10:58:14
20211020_104637_433.jpg,2021-10-20 10:46:36
20211020_105213_694.jpg,2021-10-20 10:52:12
20211020_104943_564.jpg,2021-10-20 10:49:42
20211020_104220_113.jpg,2021-10-20 10:42:20
20211020_105927_305.jpg,2021-10-20 10:59:26
20211020_104245_163.jpg,2021-10-20 10:42:44
20211020_104150_113.jpg,2021-10-20 10:41:50
20211020_104510_323.jpg,2021-10-20 10:45:10
20211020_110528_966.jpg,2021-10-20 11:05:28
20211020_110614_056.jpg,2021-10-20 11:06:14
20211020_110024_355.jpg,2021-10-20 11:00:24
20211020_104123_083.jpg,2021-10-20 10:41:22
20211020_103957_972.jpg,2021-10-20 10:39:58
20211020_104200_113.jpg,2021-10-20 10:42:00
20211020_110640_166.jpg,2021-10-20 11:06:40
20211020_105355_814.jpg,2021-10-20 10:53:54
20211020_105352_814.jpg,2021-10-20 10:53:52
20211020_110557_026.jpg,2021-10-20 11:05:56
20211020_103918_943.jpg,2021-10-20 10:39:18
20211020_105326_794.jpg,2021-10-20 10:53:26
20211020_110259_666.jpg,2021-10-20 11:02:58
20211020_110606_046.jpg,2021-10-20 11:06:06
20211020_105923_295.jpg,2021-10-20 10:59:22
20211020_104748_475.jpg,2021-10-20 10:47:48
20211020_104015_993.jpg,2021-10-20 10:40:16
20211020_110424_815.jpg,2021-10-20 11:04:24
20211020_105139_654.jpg,2021-10-20 10:51:38
20211020_110118_455.jpg,2021-10-20 11:01:18
20211020_105946_325.jpg,2021-10-20 10:59:46
20211020_105122_634.jpg,2021-10-20 10:51:22
20211020_110649_206.jpg,2021-10-20 11:06:48
20211020_103804_892.jpg,2021-10-20 10:38:04
20211020_104033_013.jpg,2021-10-20 10:40:32
20211020_110653_236.jpg,2021-10-20 11:06:52
20211020_105624_045.jpg,2021-10-20 10:56:24
20211020_105435_924.jpg,2021-10-20 10:54:36
20211020_104430_273.jpg,2021-10-20 10:44:30
20211020_105655_045.jpg,2021-10-20 10:56:54
20211020_110027_385.jpg,2021-10-20 11:00:26
20211020_105651_044.jpg,2021-10-20 10:56:50
20211020_105704_054.jpg,2021-10-20 10:57:04
20211020_104535_343.jpg,2021-10-20 10:45:34
20211020_104008_993.jpg,2021-10-20 10:40:08
20211020_105443_924.jpg,2021-10-20 10:54:44
20211020_105514_957.jpg,2021-10-20 10:55:14
20211020_105525_984.jpg,2021-10-20 10:55:26
20211020_105303_754.jpg,2021-10-20 10:53:02
20211020_104137_083.jpg,2021-10-20 10:41:36
20211020_104451_323.jpg,2021-10-20 10:44:50
20211020_105839_265.jpg,2021-10-20 10:58:38
20211020_104801_475.jpg,2021-10-20 10:48:00
20211020_110411_785.jpg,2021-10-20 11:04:10
20211020_103914_943.jpg,2021-10-20 10:39:14
20211020_105757_165.jpg,2021-10-20 10:57:56
20211020_110523_936.jpg,2021-10-20 11:05:24
20211020_104414_243.jpg,2021-10-20 10:44:14
20211020_110047_425.jpg,2021-10-20 11:00:46
20211020_104603_393.jpg,2021-10-20 10:46:02
20211020_110521_925.jpg,2021-10-20 11:05:22
20211020_110328_695.jpg,2021-10-20 11:03:28
20211020_105658_054.jpg,2021-10-20 10:56:58
20211020_104645_464.jpg,2021-10-20 10:46:44
20211020_103754_862.jpg,2021-10-20 10:37:54
20211020_104442_303.jpg,2021-10-20 10:44:42
20211020_105014_564.jpg,2021-10-20 10:50:14
20211020_104651_463.jpg,2021-10-20 10:46:50
20211020_103928_943.jpg,2021-10-20 10:39:28
20211020_105328_794.jpg,2021-10-20 10:53:28
20211020_110419_796.jpg,2021-10-20 11:04:18
20211020_105349_814.jpg,2021-10-20 10:53:48
20211020_105204_694.jpg,2021-10-20 10:52:04
20211020_104701_463.jpg,2021-10-20 10:47:00
20211020_110646_196.jpg,2021-10-20 11:06:46
20211020_110417_785.jpg,2021-10-20 11:04:16
20211020_104338_223.jpg,2021-10-20 10:43:38
20211020_104029_993.jpg,2021-10-20 10:40:30
20211020_105945_325.jpg,2021-10-20 10:59:44
20211020_103842_932.jpg,2021-10-20 10:38:42
20211020_110652_236.jpg,2021-10-20 11:06:52
20211020_105607_034.jpg,2021-10-20 10:56:06
20211020_104806_493.jpg,2021-10-20 10:48:06
20211020_110144_515.jpg,2021-10-20 11:01:44
20211020_105640_045.jpg,2021-10-20 10:56:40
20211020_103932_942.jpg,2021-10-20 10:39:32
20211020_105110_634.jpg,2021-10-20 10:51:10
20211020_104337_223.jpg,2021-10-20 10:43:36
20211020_104725_474.jpg,2021-10-20 10:47:24
20211020_104444_303.jpg,2021-10-20 10:44:44
20211020_110324_685.jpg,2021-10-20 11:03:24
20211020_105750_155.jpg,2021-10-20 10:57:50
20211020_104623_423.jpg,2021-10-20 10:46:22
20211020_105554_034.jpg,2021-10-20 10:55:54
20211020_105315_774.jpg,2021-10-20 10:53:14
20211020_104117_073.jpg,2021-10-20 10:41:16
20211020_104955_564.jpg,2021-10-20 10:49:54
20211020_105422_884.jpg,2021-10-20 10:54:22
20211020_105211_694.jpg,2021-10-20 10:52:10
20211020_103759_892.jpg,2021-10-20 10:37:58
20211020_103943_942.jpg,2021-10-20 10:39:44
20211020_110456_895.jpg,2021-10-20 11:04:56
20211020_104834_514.jpg,2021-10-20 10:48:34
20211020_103921_943.jpg,2021-10-20 10:39:22
20211020_104348_223.jpg,2021-10-20 10:43:48
20211020_110054_425.jpg,2021-10-20 11:00:54
20211020_104805_493.jpg,2021-10-20 10:48:04
20211020_110046_415.jpg,2021-10-20 11:00:46
20211020_104538_343.jpg,2021-10-20 10:45:38
20211020_105608_034.jpg,2021-10-20 10:56:08
20211020_103837_932.jpg,2021-10-20 10:38:38
20211020_105412_844.jpg,2021-10-20 10:54:12
20211020_104204_113.jpg,2021-10-20 10:42:04
20211020_105112_634.jpg,2021-10-20 10:51:12
20211020_105705_065.jpg,2021-10-20 10:57:04
20211020_110520_925.jpg,2021-10-20 11:05:20
20211020_103946_942.jpg,2021-10-20 10:39:46
20211020_104556_383.jpg,2021-10-20 10:45:56
20211020_110216_615.jpg,2021-10-20 11:02:16
20211020_105151_654.jpg,2021-10-20 10:51:50
20211020_105537_004.jpg,2021-10-20 10:55:36
20211020_105529_994.jpg,2021-10-20 10:55:30
20211020_104134_083.jpg,2021-10-20 10:41:34
20211020_104318_183.jpg,2021-10-20 10:43:18
20211020_110509_916.jpg,2021-10-20 11:05:10
20211020_104359_233.jpg,2021-10-20 10:43:58
20211020_104323_203.jpg,2021-10-20 10:43:22
20211020_110037_395.jpg,2021-10-20 11:00:36
20211020_105415_874.jpg,2021-10-20 10:54:14
20211020_105511_958.jpg,2021-10-20 10:55:12
20211020_105729_135.jpg,2021-10-20 10:57:28
20211020_104937_534.jpg,2021-10-20 10:49:36
20211020_105430_897.jpg,2021-10-20 10:54:30
20211020_104057_043.jpg,2021-10-20 10:40:56
20211020_110110_455.jpg,2021-10-20 11:01:10
20211020_103857_932.jpg,2021-10-20 10:38:58
20211020_105229_744.jpg,2021-10-20 10:52:28
20211020_104156_113.jpg,2021-10-20 10:41:56
20211020_104422_243.jpg,2021-10-20 10:44:22
20211020_105208_694.jpg,2021-10-20 10:52:08
20211020_105521_974.jpg,2021-10-20 10:55:22
20211020_103922_943.jpg,2021-10-20 10:39:22
20211020_105931_315.jpg,2021-10-20 10:59:30
20211020_104711_463.jpg,2021-10-20 10:47:10
20211020_104044_023.jpg,2021-10-20 10:40:44
20211020_104903_514.jpg,2021-10-20 10:49:02
20211020_105022_584.jpg,2021-10-20 10:50:22
20211020_104731_474.jpg,2021-10-20 10:47:30
20211020_105856_265.jpg,2021-10-20 10:58:56
20211020_110041_395.jpg,2021-10-20 11:00:40
20211020_110535_986.jpg,2021-10-20 11:05:36
20211020_110321_685.jpg,2021-10-20 11:03:20
20211020_110504_905.jpg,2021-10-20 11:05:04
20211020_105034_584.jpg,2021-10-20 10:50:34
20211020_105949_325.jpg,2021-10-20 10:59:48
20211020_110103_435.jpg,2021-10-20 11:01:02
20211020_110613_056.jpg,2021-10-20 11:06:12
20211020_105436_924.jpg,2021-10-20 10:54:36
20211020_103951_942.jpg,2021-10-20 10:39:52
20211020_110342_695.jpg,2021-10-20 11:03:42
20211020_104314_173.jpg,2021-10-20 10:43:14
20211020_104209_113.jpg,2021-10-20 10:42:08
20211020_104941_564.jpg,2021-10-20 10:49:40
20211020_104819_503.jpg,2021-10-20 10:48:18
20211020_105438_924.jpg,2021-10-20 10:54:38
20211020_104340_223.jpg,2021-10-20 10:43:40
20211020_104349_223.jpg,2021-10-20 10:43:48
20211020_105948_325.jpg,2021-10-20 10:59:48
20211020_110304_676.jpg,2021-10-20 11:03:04
20211020_110630_126.jpg,2021-10-20 11:06:30
20211020_110104_445.jpg,2021-10-20 11:01:04
20211020_103845_933.jpg,2021-10-20 10:38:46
20211020_104855_514.jpg,2021-10-20 10:48:54
20211020_104415_243.jpg,2021-10-20 10:44:14
20211020_104724_474.jpg,2021-10-20 10:47:24
